Country,StockCode,ProductName,Growth_Rate
Netherlands,22567,20 DOLLY PEGS RETROSPOT,260.7728576918151
United Kingdom,85036B,CHOCOLATE 1 WICK MORRIS BOX CANDLE,255.8084167858846
Japan,23176,ABC TREASURE BOOK BOX,134.5
Australia,22150,3 STRIPEY MICE FELTCRAFT,124.73195876288659
Netherlands,22315,200 RED + WHITE BENDY STRAWS,123.56521739130434
United Kingdom,72807C,SET/3 VANILLA SCENTED CANDLE IN BOX,119.0
United Kingdom,23084,website fixed,109.0
United Kingdom,47566B,incorrectly credited C550456 see 47,107.33333333333333
United Kingdom,20761,BLUE PAISLEY SKETCHBOOK,107.0
United Kingdom,84990,60 GOLD AND SILVER FAIRY CAKE CASES,104.0
United Kingdom,21155,RED RETROSPOT PEG BAG,99.0
United Kingdom,23245,SET OF 3 REGENCY CAKE TINS,95.22569444444444
United Kingdom,22717,CARD DOG AND BALL,93.66666666666667
United Kingdom,22423,REGENCY CAKESTAND 3 TIER,85.66347520397605
United Kingdom,22467,wrongly sold (22719) barcode,84.0
United Kingdom,82600,N0 SINGING METAL SIGN,79.1
United Kingdom,21078,SET/20 STRAWBERRY PAPER NAPKINS,71.0
Spain,22960,JAM MAKING SET WITH JARS,60.36363636363637
United Kingdom,22672,FRENCH BATHROOM SIGN BLUE METAL,59.3625
United Kingdom,23073,GEORGIAN TRINKET BOX,56.64035087719298
United Kingdom,23286,BLUE VINTAGE SPOT BEAKER,54.54719816409581
United Kingdom,37446,MINI CAKE STAND WITH HANGING CAKES,54.5
United Kingdom,22514,CHILDS GARDEN SPADE BLUE,53.004629629629626
United Kingdom,84792,ENCHANTED BIRD COATHANGER 5 HOOK,50.81533482142857
United Kingdom,23008,DOLLY GIRL BABY GIFT SET,48.35321432543655
EIRE,22847,BREAD BIN DINER STYLE IVORY,47.6873920552677
United Kingdom,23240,SET OF 4 KNICK KNACK TINS DOILY,47.25
United Kingdom,23081,GREEN METAL BOX ARMY SUPPLIES,45.59710838122554
United Kingdom,22357,KINGS CHOICE BISCUIT TIN,45.0
EIRE,21888,BINGO SET,44.373782812667194
United Kingdom,22815,CARD PSYCHEDELIC APPLES,41.0
United Kingdom,22970,LONDON BUS COFFEE MUG,39.370507351939985
United Kingdom,22187,GREEN CHRISTMAS TREE CARD HOLDER,39.0
United Kingdom,21793,CLASSIC FRENCH STYLE BASKET BROWN,37.95134853673858
United Kingdom,22920,HERB MARKER BASIL,36.425
United Kingdom,M,Manual,36.27162073362396
United Kingdom,23298,"BUNTING , SPOTTY ",36.0751349339289
United Kingdom,21065,BOOM BOX SPEAKER GIRLS,36.0
United Kingdom,85135C,found,35.0
Germany,22636,CHILDS BREAKFAST SET CIRCUS PARADE,34.5
United Kingdom,84997B,CHILDRENS CUTLERY RETROSPOT RED,33.45872380094023
United Kingdom,23155,KNICKERBOCKERGLORY MAGNET ASSORTED,33.0
United Kingdom,22968,ROSE COTTAGE KEEPSAKE BOX,32.333333333333336
United Kingdom,23203,JUMBO BAG VINTAGE DOILY,32.22310606060606
Germany,POST,POSTAGE,31.122978100997305
United Kingdom,21530,DAIRY MAID TOASTRACK,31.0
United Kingdom,85135B,BLUE DRAGONFLY HELICOPTER,30.954988703238406
United Kingdom,84313C,ORANGE TV TRAY TABLE,30.0
United Kingdom,23343,came coded as 20713,30.0
United Kingdom,82011A,"BATHROOM SCALES, TROPICAL BEACH",29.943423423423425
United Kingdom,16219,HOUSE SHAPE PENCIL SHARPENER,29.0
United Kingdom,21397,BLUE POLKADOT EGG CUP,28.857142857142858
United Kingdom,22988,SOLDIERS EGG CUP,28.458333333333332
United Kingdom,85132C,CHARLIE AND LOLA FIGURES TINS,27.369570707070707
United Kingdom,90031,BILI NUT AND WOOD NECKLACE,27.0
United Kingdom,85123A,?,25.666666666666668
United Kingdom,23169,CLASSIC GLASS SWEET JAR,24.313918284408572
United Kingdom,90162B,ANT SILVER LIME GREEN BOUDICCA RING,24.0
United Kingdom,85150,LADIES & GENTLEMEN METAL SIGN,23.87397941348752
United Kingdom,22816,CARD MOTORBIKE SANTA,23.464933496455235
United Kingdom,21730,GLASS STAR FROSTED T-LIGHT HOLDER,23.262756500626566
United Kingdom,22114,HOT WATER BOTTLE TEA AND SYMPATHY,23.17701525054466
United Kingdom,21794,CLASSIC FRENCH STYLE BASKET NATURAL,23.12426264748357
United Kingdom,22227,HANGING HEART MIRROR DECORATION,23.0
United Kingdom,21731,RED TOADSTOOL LED NIGHT LIGHT,22.808008474576273
United Kingdom,71477,COLOUR GLASS. STAR T-LIGHT HOLDER,22.63061202809713
United Kingdom,22430,ENAMEL WATERING CAN CREAM,22.5
United Kingdom,23192,BUNDLE OF 3 ALPHABET EXERCISE BOOKS,22.29469662466771
United Kingdom,22428,ENAMEL FIRE BUCKET CREAM,21.71459694989107
United Kingdom,23412,HEART MIRROR ANTIQUE WHITE,21.4
United Kingdom,22659,LUNCH BOX I LOVE LONDON,21.14991382357785
United Kingdom,22556,PLASTERS IN TIN CIRCUS PARADE,21.079545454545453
United Kingdom,22476,EMPIRE UNION JACK TV DINNER TRAY,21.0
United Kingdom,23298,SPOTTY BUNTING,20.81369493754109
United Kingdom,22197,SMALL POPCORN HOLDER,20.55838160929121
United Kingdom,22700,BLACK AND WHITE DOG BOWL,20.241310620167003
United Kingdom,21874,GIN AND TONIC MUG,20.029761904761905
United Kingdom,22713,CARD I LOVE LONDON,19.568341009874466
United Kingdom,22080,RIBBON REEL POLKADOTS,19.275
United Kingdom,48185,DOORMAT FAIRY CAKE,19.153386591718913
United Kingdom,22687,had been put aside,19.0
United Kingdom,85159A,"BLACK TEA,COFFEE,SUGAR JARS",18.07423588265484
United Kingdom,22690,DOORMAT HOME SWEET HOME BLUE,17.963492330370766
United Kingdom,23152,IVORY SWEETHEART WIRE LETTER RACK,17.789434523809526
United Kingdom,23191,BUNDLE OF 3 RETRO NOTE BOOKS,17.74135481463262
United Kingdom,22035,taig adjust,17.5
United Kingdom,23531,WALL ART BIG LOVE,17.5
United Kingdom,22110,BIRD HOUSE HOT WATER BOTTLE,17.260613720601956
United Kingdom,22242,5 HOOK HANGER MAGIC TOADSTOOL,17.142067389673283
United Kingdom,22548,HEADS AND TAILS SPORTING FUN,17.0
United Kingdom,23348,CHILDRENS TOY COOKING UTENSIL SET,16.92959715958144
United Kingdom,85035A,GARDENIA 3 WICK MORRIS BOXED CANDLE,16.272727272727273
United Kingdom,85161,ACRYLIC GEOMETRIC LAMP,16.214285714285715
United Kingdom,22838,3 TIER CAKE TIN RED AND CREAM,15.396207437231505
United Kingdom,22974,CHILDRENS DOLLY GIRL MUG,15.354166666666668
United Kingdom,47481,50CM METAL STRING WITH  7 CLIPS,15.256836801166367
United Kingdom,22716,CARD CIRCUS PARADE,15.004533044064557
United Kingdom,22812,check,15.0
United Kingdom,22322,BIRD DECORATION GREEN POLKADOT,14.8617590116581
United Kingdom,84686,BEACH HUT MIRROR,14.727272727272727
United Kingdom,79164,BLACK WINE GLASS,14.535176470588235
United Kingdom,23200,JUMBO BAG PEARS,14.49757525083612
United Kingdom,72801G,4 BURGUNDY WINE DINNER CANDLES,14.351994864034879
United Kingdom,22854,CREAM SWEETHEART EGG HOLDER,14.12024477137045
EIRE,C2,CARRIAGE,14.098316202668789
United Kingdom,22355,CHARLOTTE BAG SUKI DESIGN,14.07941601582364
France,POST,POSTAGE,14.036269546889704
United Kingdom,23162,REGENCY TEA STRAINER,13.833333333333334
United Kingdom,22626,BLACK KITCHEN SCALES,13.747795744108291
Germany,23319,BOX OF 6 MINI 50'S CRACKERS,13.52
United Kingdom,22698,PINK REGENCY TEACUP AND SAUCER,13.427333333333333
United Kingdom,C2,CARRIAGE,13.259853330945653
United Kingdom,22320,BIRDS MOBILE VINTAGE DESIGN,13.193803418803418
United Kingdom,21445,12 PINK ROSE PEG PLACE SETTINGS,12.712642797135436
United Kingdom,85054,found,12.5
United Kingdom,22692,DOORMAT WELCOME TO OUR HOME,12.49113726901231
United Kingdom,23034,DRAWER KNOB CERAMIC BLACK,12.464583333333334
United Kingdom,22910,PAPER CHAIN KIT VINTAGE CHRISTMAS,12.397083333333335
United Kingdom,22991,GIRAFFE WOODEN RULER,12.344444444444447
United Kingdom,84826,ASSTD DESIGN 3D PAPER STICKERS,12.085568326947637
United Kingdom,22654,DELUXE SEWING KIT,12.076489891033487
United Kingdom,21391,FRENCH LAVENDER SCENT HEART,11.73406498015873
United Kingdom,22580,ADVENT CALENDAR GINGHAM SACK,11.732263000492903
United Kingdom,22470,HEART OF WICKER LARGE,11.659626697511461
United Kingdom,22429,ENAMEL MEASURING JUG CREAM,11.561953880856173
United Kingdom,21313,GLASS HEART T-LIGHT HOLDER,11.440476190476192
United Kingdom,23009,I LOVE LONDON BABY GIFT SET,11.333333333333334
United Kingdom,21098,CHRISTMAS TOILET ROLL,11.305285899935022
United Kingdom,85099C,JUMBO  BAG BAROQUE BLACK WHITE,11.265007836778134
United Kingdom,22632,HAND WARMER RED RETROSPOT,11.094444444444445
United Kingdom,82482,WOODEN PICTURE FRAME WHITE FINISH,11.0
United Kingdom,22624,IVORY KITCHEN SCALES,10.919805072323795
United Kingdom,23535,BICYCLE SAFTEY WALL ART,10.80411880576231
Germany,M,Manual,10.722222222222221
United Kingdom,22699,ROSES REGENCY TEACUP AND SAUCER,10.709523809523809
United Kingdom,85194L,HANGING SPRING FLOWER EGG LARGE,10.5
United Kingdom,22935,BAKING MOULD ROSE MILK CHOCOLATE,10.03074629553876
United Kingdom,22505,MEMO BOARD COTTAGE DESIGN,10.0
United Kingdom,22365,DOORMAT RESPECTABLE HOUSE,9.867663685887551
Netherlands,POST,POSTAGE,9.661764705882353
United Kingdom,22823,CHEST NATURAL WOOD 20 DRAWERS,9.417746626176148
United Kingdom,22371,AIRLINE BAG VINTAGE TOKYO 78,9.396590616653823
United Kingdom,23207,LUNCH BAG ALPHABET DESIGN,9.12028125826064
United Kingdom,85163B,BLACK BAROQUE WALL CLOCK,9.106060606060607
United Kingdom,22689,had been put aside,9.0
United Kingdom,23307,SET OF 60 PANTRY DESIGN CAKE CASES,9.0
United Kingdom,23201,JUMBO BAG ALPHABET,8.936007127037882
United Kingdom,22149,FELTCRAFT 6 FLOWER FRIENDS,8.793183015409966
United Kingdom,23076,ICE CREAM SUNDAE LIP GLOSS,8.75
United Kingdom,22337,ANGEL DECORATION PAINTED ZINC,8.6875
Norway,22726,ALARM CLOCK BAKELIKE GREEN,8.5
United Kingdom,22821,GIFT BAG PSYCHEDELIC APPLES,8.5
United Kingdom,21181,adjustment,8.416666666666666
United Kingdom,48173C,DOORMAT BLACK FLOCK,8.411951039517378
United Kingdom,82583,FBA,8.411764705882353
United Kingdom,22315,200 RED + WHITE BENDY STRAWS,8.403306473079262
United Kingdom,23199,JUMBO BAG APPLES,8.185289910442185
United Kingdom,21621,VINTAGE UNION JACK BUNTING,8.106296296296296
United Kingdom,21244,BLUE POLKADOT PLATE,8.093744003070428
United Kingdom,21929,JUMBO BAG PINK VINTAGE PAISLEY,8.061963851759849
United Kingdom,21643,ASSORTED TUTTI FRUTTI MIRROR,8.049641676357252
United Kingdom,22687,DOORMAT CHRISTMAS VILLAGE,7.953839638622248
United Kingdom,20764,ABSTRACT CIRCLES SKETCHBOOK,7.904727328163704
United Kingdom,22634,CHILDS BREAKFAST SET SPACEBOY,7.831650103252453
United Kingdom,84660B,BLACK STITCHED WALL CLOCK,7.830407991886145
United Kingdom,20765,CHRYSANTHEMUM SKETCHBOOK,7.82437275985663
United Kingdom,37449,CERAMIC CAKE STAND + HANGING CAKES,7.821256974949894
United Kingdom,23184,BULL DOG BOTTLE OPENER,7.63285155953467
United Kingdom,22076,6 RIBBONS EMPIRE,7.6284921634606615
United Kingdom,23485,BOTANICAL GARDENS WALL CLOCK,7.617071111968151
United Kingdom,23331,DECORATIVE WICKER HEART SMALL,7.473684210526316
United Kingdom,35004B,SET OF 3 BLACK FLYING DUCKS,7.386111111111112
United Kingdom,22633,HAND WARMER UNION JACK,7.225595238095238
United Kingdom,23057,BEADED CHANDELIER T-LIGHT HOLDER,7.207616581657786
United Kingdom,37327,ASSTD MULTICOLOUR CIRCLES MUG,7.194325619093337
United Kingdom,22702,BLACK AND WHITE CAT BOWL,7.154600354179895
United Kingdom,23480,MINI LIGHTS WOODLAND MUSHROOMS,7.059530849595899
United Kingdom,84968A,SET OF 16 VINTAGE ROSE CUTLERY,7.0
United Kingdom,46000P,POLYESTER FILLER PAD 65CMx65CM,7.0
United Kingdom,23583,LUNCH BAG PAISLEY PARK,6.915822784810127
United Kingdom,23236,DOILEY STORAGE TIN,6.88416597135308
United Kingdom,21787,RAIN PONCHO RETROSPOT,6.852033162258192
United Kingdom,22601,CHRISTMAS RETROSPOT ANGEL WOOD,6.831427792774086
United Kingdom,22367,CHILDRENS APRON SPACEBOY DESIGN,6.825026925385111
United Kingdom,23397,FOOT STOOL HOME SWEET HOME,6.782284100080711
United Kingdom,84625C,BLUE NEW BAROQUE CANDLESTICK CANDLE,6.750633892097478
United Kingdom,23089,GLASS BON BON JAR,6.654254201680672
United Kingdom,84876D,BLUE HEART COMPACT MIRROR,6.626567164179105
United Kingdom,15060B,FAIRY CAKE DESIGN UMBRELLA,6.606818022194129
United Kingdom,22183,CAKE STAND VICTORIAN FILIGREE MED,6.6
United Kingdom,21669,BLUE STRIPE CERAMIC DRAWER KNOB,6.593178478038012
United Kingdom,23127,FELTCRAFT GIRL NICOLE KIT,6.55
United Kingdom,84596L,BISCUITS SMALL BOWL LIGHT BLUE,6.517407868599408
United Kingdom,22768,FAMILY PHOTO FRAME CORNICE,6.453507965686275
United Kingdom,22478,BIRDHOUSE GARDEN MARKER,6.336745053114405
United Kingdom,22617,BAKING SET SPACEBOY DESIGN,6.261523048927177
United Kingdom,22457,NATURAL SLATE HEART CHALKBOARD,6.2315764652429655
EIRE,22843,BISCUIT TIN VINTAGE GREEN,6.217161421837177
United Kingdom,22719,GUMBALL MONOCHROME COAT RACK,6.2
United Kingdom,46000S,POLYESTER FILLER PAD 40x40cm,6.139020856336646
United Kingdom,23349,ROLL WRAP VINTAGE CHRISTMAS,6.138888888888889
United Kingdom,82583,HOT BATHS METAL SIGN,6.128330584279969
United Kingdom,22847,BREAD BIN DINER STYLE IVORY,6.092711330357698
United Kingdom,23203,JUMBO BAG DOILEY PATTERNS,6.089964997906594
United Kingdom,22849,BREAD BIN DINER STYLE MINT,6.063662079249777
United Kingdom,22493,PAINT YOUR OWN CANVAS SET,6.0
United Kingdom,21749,LARGE RED RETROSPOT WINDMILL,5.992774702149703
United Kingdom,22386,JUMBO BAG PINK POLKADOT,5.946380632229389
United Kingdom,22139,RETROSPOT TEA SET CERAMIC 11 PC,5.905686936936937
United Kingdom,22663,JUMBO BAG DOLLY GIRL DESIGN,5.904726182581786
United Kingdom,20837,FRENCH FLORAL CUSHION COVER,5.894736842105263
United Kingdom,22508,DOORSTOP RETROSPOT HEART,5.882046374105197
United Kingdom,22697,GREEN REGENCY TEACUP AND SAUCER,5.867113768754058
United Kingdom,22990,COTTON APRON PANTRY DESIGN,5.84733355724735
United Kingdom,22660,DOORMAT I LOVE LONDON,5.833333333333334
United Kingdom,22691,DOORMAT WELCOME SUNRISE,5.8
United Kingdom,22777,GLASS CLOCHE LARGE,5.783790436005626
United Kingdom,21733,RED HANGING HEART T-LIGHT HOLDER,5.7263166520979025
United Kingdom,22834,HAND WARMER BABUSHKA DESIGN,5.707821929039953
United Kingdom,23163,REGENCY SUGAR TONGS,5.666666666666667
United Kingdom,85093,CANDY SPOT EGG WARMER HARE,5.64
United Kingdom,22693,GROW A FLYTRAP OR SUNFLOWER IN TIN,5.633158693561627
United Kingdom,84559A,3D SHEET OF DOG STICKERS,5.621313356814155
United Kingdom,85152,HAND OVER THE CHOCOLATE   SIGN,5.5634509064867315
United Kingdom,22662,LUNCH BAG DOLLY GIRL DESIGN,5.521739130434782
Germany,22436,12 COLOURED PARTY BALLOONS,5.514644351464435
United Kingdom,84988,SET OF 72 PINK HEART PAPER DOILIES,5.504
United Kingdom,22061,LARGE CAKE STAND  HANGING STRAWBERY,5.5
United Kingdom,22618,COOKING SET RETROSPOT,5.5
United Kingdom,21064,BOOM BOX SPEAKER BOYS,5.467696257880822
EIRE,72800E,4 IVORY DINNER CANDLES SILVER FLOCK,5.458823529411765
United Kingdom,23190,BUNDLE OF 3 SCHOOL EXERCISE BOOKS,5.410109788855572
United Kingdom,22750,FELTCRAFT PRINCESS LOLA DOLL,5.266666666666667
United Kingdom,22727,ALARM CLOCK BAKELIKE RED,5.266392013632839
United Kingdom,20963,APPLE BATH SPONGE,5.250357439016738
United Kingdom,21745,GAOLERS KEYS DECORATIVE GARDEN,5.246461824953445
United Kingdom,22851,SET 20 NAPKINS FAIRY CAKES DESIGN,5.229166666666667
United Kingdom,23566,EGG CUP MILKMAID HEIDI,5.181818181818182
United Kingdom,84997D,CHILDRENS CUTLERY POLKADOT PINK,5.169913829831299
United Kingdom,22867,HAND WARMER BIRD DESIGN,5.136035850971712
United Kingdom,21928,JUMBO BAG SCANDINAVIAN BLUE PAISLEY,5.120503341687552
United Kingdom,22730,ALARM CLOCK BAKELIKE IVORY,5.041342234221566
United Kingdom,22241,GARLAND WOODEN HAPPY EASTER,5.030769230769231
United Kingdom,21623,VINTAGE UNION JACK MEMOBOARD,5.0
United Kingdom,23462,ROCOCO WALL MIRROR WHITE,5.0
United Kingdom,22089,PAPER BUNTING VINTAGE PAISLEY,5.0
United Kingdom,23413,DECORATIVE VINTAGE COFFEE  BOX,4.862068965517241
United Kingdom,20886,BOX OF 9 PEBBLE CANDLES,4.826736478041805
United Kingdom,22374,AIRLINE BAG VINTAGE JET SET RED,4.76892399520013
United Kingdom,22503,CABIN BAG VINTAGE PAISLEY,4.763888888888888
United Kingdom,22827,RUSTIC  SEVENTEEN DRAWER SIDEBOARD,4.753921568627451
United Kingdom,85107,check?,4.753846153846154
United Kingdom,22142,CHRISTMAS CRAFT WHITE FAIRY,4.722222222222222
United Kingdom,85116,BLACK CANDELABRA T-LIGHT HOLDER,4.694469053475948
United Kingdom,21754,HOME BUILDING BLOCK WORD,4.660870021023274
United Kingdom,47422,ASSORTED MONKEY SUCTION CUP HOOK,4.641100133575169
United Kingdom,21561,DINOSAUR LUNCH BOX WITH CUTLERY,4.631382827077009
United Kingdom,23284,DOORMAT KEEP CALM AND COME IN,4.617762565575022
United Kingdom,22927,GREEN GIANT GARDEN THERMOMETER,4.6100813235031906
United Kingdom,23317,BLUE REFECTORY CLOCK,4.608272283272284
United Kingdom,21464,DISCO BALL ROTATOR BATTERY OPERATED,4.580341085416701
United Kingdom,22197,POPCORN HOLDER,4.534001004016065
United Kingdom,84970S,HANGING HEART ZINC T-LIGHT HOLDER,4.519307496892156
United Kingdom,85099B,JUMBO BAG RED RETROSPOT,4.5094439055158615
United Kingdom,21390,FILIGRIS HEART WITH BUTTERFLY,4.497982558896264
Germany,22243,5 HOOK HANGER RED MAGIC TOADSTOOL,4.4655932487507055
United Kingdom,21106,CREAM SLICE FLANNEL CHOCOLATE SPOT,4.443773946360153
United Kingdom,23171,REGENCY TEA PLATE GREEN,4.385416666666667
France,23010,CIRCUS PARADE BABY GIFT SET,4.378787878787879
United Kingdom,22616,PACK OF 12 LONDON TISSUES,4.296628835111349
United Kingdom,85132B,CHARLIE AND LOLA TABLE TINS,4.277732793522268
United Kingdom,23123,COCKTAIL SWORDS 50 PIECES,4.261827956989248
United Kingdom,22625,RED KITCHEN SCALES,4.247916666666667
EIRE,22804,CANDLEHOLDER PINK HANGING HEART,4.241379310344827
United Kingdom,21333,CLASSIC WHITE FRAME,4.236363636363636
United Kingdom,22722,SET OF 6 SPICE TINS PANTRY DESIGN,4.208333333333333
United Kingdom,20728,LUNCH BAG CARS BLUE,4.1792193161204745
United Kingdom,21877,HOME SWEET HOME MUG,4.14626527642085
United Kingdom,79321,CHILLI LIGHTS,4.118778550294202
Germany,21716,BOYS VINTAGE TIN SEASIDE BUCKET,4.1063829787234045
France,22859,EASTER TIN BUNNY BOUQUET,4.071428571428571
United Kingdom,20675,BLUE POLKADOT BOWL,4.045825637520224
Netherlands,22847,BREAD BIN DINER STYLE IVORY,4.008658008658009
United Kingdom,85035C,ROSE 3 WICK MORRIS BOX CANDLE,4.0
Germany,85099B,JUMBO BAG RED RETROSPOT,3.967741935483871
Germany,21328,BALLOONS  WRITING SET,3.927536231884058
United Kingdom,51008,AFGHAN SLIPPER SOCK PAIR,3.9239944734354673
United Kingdom,22086,PAPER CHAIN KIT 50'S CHRISTMAS,3.9170450913057677
United Kingdom,23552,BICYCLE PUNCTURE REPAIR KIT,3.9167853256309804
United Kingdom,21809,CHRISTMAS HANGING TREE WITH BELL,3.881720430107527
United Kingdom,48187,DOORMAT NEW ENGLAND,3.857549735335022
United Kingdom,POST,POSTAGE,3.8415425996005466
United Kingdom,47503H,ASS FLORAL PRINT SPIRIT LEVEL,3.835616438356164
United Kingdom,90010E,AMBER GLASS/SILVER BRACELET,3.8333333333333335
United Kingdom,21175,GIN + TONIC DIET METAL SIGN,3.830502839087507
United Kingdom,48116,DOORMAT MULTICOLOUR STRIPE,3.8265337423312884
France,22580,ADVENT CALENDAR GINGHAM SACK,3.8205128205128207
United Kingdom,22439,6 ROCKET BALLOONS,3.814277436230616
United Kingdom,22741,FUNKY DIVA PEN,3.8
United Kingdom,72800D,4 BLUE DINNER CANDLES SILVER FLOCK,3.705292996769311
United Kingdom,23206,LUNCH BAG APPLE DESIGN,3.6833333333333336
France,22303,COFFEE MUG APPLES DESIGN,3.6717914438502675
United Kingdom,23065,LARGE DECO JEWELLERY STAND,3.6666666666666665
United Kingdom,22090,PAPER BUNTING RETROSPOT,3.630267198236532
United Kingdom,23045,PAPER LANTERN 5 POINT STAR MOON,3.6153846153846154
United Kingdom,23228,FILIGREE HEART BIRD WHITE,3.5711030728227384
United Kingdom,23010,CIRCUS PARADE BABY GIFT SET,3.555555555555556
United Kingdom,22941,CHRISTMAS LIGHTS 10 REINDEER,3.550391100813133
United Kingdom,23124,18PC WOODEN CUTLERY SET DISPOSABLE,3.5480218266261123
United Kingdom,84997C,CHILDRENS CUTLERY POLKADOT BLUE,3.533027278778896
United Kingdom,22440,BALLOON WATER BOMB PACK OF 35,3.530738448726183
United Kingdom,22951,60 CAKE CASES DOLLY GIRL DESIGN,3.5099949527671788
United Kingdom,23005,TRAVEL CARD WALLET I LOVE LONDON,3.5
United Kingdom,21888,BINGO SET,3.487345702076992
United Kingdom,82583,amazon,3.4625
Germany,22939,ADULT APRON APPLE DELIGHT,3.461472308221534
United Kingdom,21145,ANTIQUE GLASS PLACE SETTING,3.45
United Kingdom,22075,6 RIBBONS ELEGANT CHRISTMAS,3.4463780565455746
Spain,84997C,CHILDRENS CUTLERY POLKADOT BLUE,3.3521408173861444
United Kingdom,22607,WOODEN ROUNDERS GARDEN SET,3.34375
United Kingdom,20726,LUNCH BAG WOODLAND,3.3405797101449277
United Kingdom,35965,dotcom,3.3333333333333335
United Kingdom,20751,FUNKY WASHING UP GLOVES ASSORTED,3.3181818181818183
United Kingdom,47503A,ASS FLORAL PRINT MULTI SCREWDRIVER,3.3133105670924743
United Kingdom,21703,BAG 125g SWIRLY MARBLES,3.3033714606805584
United Kingdom,22360,GLASS JAR ENGLISH CONFECTIONERY,3.3022598870056497
United Kingdom,90184A,AMBER CHUNKY BEAD BRACELET W STRAP,3.3
United Kingdom,23084,RABBIT NIGHT LIGHT,3.2604279173646007
United Kingdom,79302M,"ART LIGHTS,FUNK MONKEY",3.2601343578533144
United Kingdom,22192,BLUE DINER WALL CLOCK,3.2249173939655726
United Kingdom,21937,found,3.1666666666666665
United Kingdom,23299,FOOD COVER WITH BEADS SET 2,3.154880791722897
United Kingdom,21116,OWL DOORSTOP,3.1446886446886446
Belgium,22730,ALARM CLOCK BAKELIKE IVORY,3.144578313253012
United Kingdom,21641,ASSORTED TUTTI FRUTTI KEYRING BALL,3.108058935960957
United Kingdom,84978,HANGING HEART JAR T-LIGHT HOLDER,3.0728405972810737
United Kingdom,15058A,BLUE POLKADOT GARDEN PARASOL,3.0706602181912275
United Kingdom,22866,HAND WARMER SCOTTY DOG DESIGN,3.0416666666666665
United Kingdom,21191,LARGE WHITE HONEYCOMB PAPER BELL,3.0341170634920633
United Kingdom,22498,WOODEN REGATTA BUNTING,3.0185185185185186
United Kingdom,21638,ASSORTED TUTTI FRUTTI NOTEBOOK,3.0032780182780185
United Kingdom,23343,wrongly coded 20713,3.0
United Kingdom,72817,dotcomstock,3.0
United Kingdom,21476,STEEL SWEETHEART ROUND TABLE CREAM,3.0
United Kingdom,23080,RED METAL BOX TOP SECRET,3.0
United Kingdom,35400,WOODEN BOX ADVENT CALENDAR,3.0
United Kingdom,23330,DECORATIVE WICKER HEART MEDIUM,2.9970225472888288
United Kingdom,22303,COFFEE MUG APPLES DESIGN,2.9724541717074913
United Kingdom,21524,DOORMAT SPOTTY HOME SWEET HOME,2.9675890211118907
Poland,22626,BLACK KITCHEN SCALES,2.9444444444444446
United Kingdom,21171,BATHROOM METAL SIGN,2.9375543141403444
United Kingdom,22188,BLACK HEART CARD HOLDER,2.932535813530055
United Kingdom,15056N,EDWARDIAN PARASOL NATURAL,2.9305590213127055
United Kingdom,48184,DOORMAT ENGLISH ROSE,2.927030057200577
United Kingdom,37450,CERAMIC CAKE BOWL + HANGING CAKES,2.9238952169348114
United Kingdom,22567,20 DOLLY PEGS RETROSPOT,2.919472487889587
United Kingdom,21269,ANTIQUE CREAM CUTLERY SHELF,2.898649630792488
United Kingdom,84997A,CHILDRENS CUTLERY POLKADOT GREEN,2.8819897958422738
United Kingdom,22630,DOLLY GIRL LUNCH BOX,2.864876764522866
United Kingdom,20973,12 PENCIL SMALL TUBE WOODLAND,2.8316076241070327
United Kingdom,21188,3D HEARTS  HONEYCOMB PAPER GARLAND,2.8265554074282604
United Kingdom,20727,LUNCH BAG  BLACK SKULL.,2.8237075202779605
Germany,22624,IVORY KITCHEN SCALES,2.8166087962962965
United Kingdom,22564,ALPHABET STENCIL CRAFT,2.812323453181152
United Kingdom,22631,CIRCUS PARADE LUNCH BOX,2.8070037672043093
United Kingdom,22848,BREAD BIN DINER STYLE PINK,2.7937907574082077
United Kingdom,85038,6 CHOCOLATE LOVE HEART T-LIGHTS,2.792479239252363
United Kingdom,22138,BAKING SET 9 PIECE RETROSPOT,2.79152052690166
United Kingdom,22189,CREAM HEART CARD HOLDER,2.786438094175285
United Kingdom,22839,3 TIER CAKE TIN GREEN AND CREAM,2.778197424303662
United Kingdom,21756,BATH BUILDING BLOCK WORD,2.7623411148777426
United Kingdom,21523,DOORMAT FANCY FONT HOME SWEET HOME,2.7410391984682594
United Kingdom,22966,GINGERBREAD MAN COOKIE CUTTER,2.7409425332700255
Austria,84879,ASSORTED COLOUR BIRD ORNAMENT,2.7358490566037736
United Kingdom,22376,AIRLINE BAG VINTAGE JET SET WHITE,2.733810714295942
United Kingdom,23483,HANGING  BUTTERFLY T-LIGHT HOLDER,2.7213983050847457
United Kingdom,85183A,CHARLIE & LOLA WASTEPAPER BIN BLUE,2.7117117117117115
United Kingdom,22375,AIRLINE BAG VINTAGE JET SET BROWN,2.7091620218047283
United Kingdom,22637,PIGGY BANK RETROSPOT,2.7037037037037037
United Kingdom,22961,JAM MAKING SET PRINTED,2.698363206472629
United Kingdom,22436,12 COLOURED PARTY BALLOONS,2.696223685812558
United Kingdom,23131,had been put aside,2.6923076923076925
United Kingdom,22726,ALARM CLOCK BAKELIKE GREEN,2.692149995095833
United Kingdom,84991,60 TEATIME FAIRY CAKE CASES,2.6855399040754793
United Kingdom,84692,BOX OF 24 COCKTAIL PARASOLS,2.67793875801893
France,23176,ABC TREASURE BOOK BOX,2.6587677725118484
United Kingdom,21819,GLITTER CHRISTMAS STAR,2.658536585365854
United Kingdom,22865,HAND WARMER OWL DESIGN,2.653181761187743
United Kingdom,22733,3D TRADITIONAL CHRISTMAS STICKERS,2.629613015945156
France,23395,BELLE JARDINIERE CUSHION COVER,2.6206896551724137
United Kingdom,22593,CHRISTMAS GINGHAM STAR,2.6172706154880236
United Kingdom,82580,BATHROOM METAL SIGN,2.6111953636625516
United Kingdom,23099,FRENCH CARRIAGE LANTERN,2.6084038226414155
United Kingdom,21326,AGED GLASS SILVER T-LIGHT HOLDER,2.594823445145816
United Kingdom,48194,DOORMAT HEARTS,2.5908052112419746
United Kingdom,23498,CLASSIC BICYCLE CLIPS,2.5833333333333335
United Kingdom,85123A,WHITE HANGING HEART T-LIGHT HOLDER,2.5813125
United Kingdom,21871,SAVE THE PLANET MUG,2.574468085106383
United Kingdom,21034,REX CASH+CARRY JUMBO SHOPPER,2.5652777777777778
United Kingdom,35599B,BLACK CHRISTMAS TREE 120CM,2.5608817075907018
United Kingdom,23442,12 HANGING EGGS HAND PAINTED,2.5499409775945754
United Kingdom,20986,BLUE CALCULATOR RULER,2.543211008387016
United Kingdom,22492,MINI PAINT SET VINTAGE,2.53825000157212
United Kingdom,22925,BLUE GIANT GARDEN THERMOMETER,2.5256295723630315
United Kingdom,23029,DRAWER KNOB CRACKLE GLAZE GREEN,2.4816994689159637
United Kingdom,10133,COLOURING PENCILS BROWN TUBE,2.4809821342079403
United Kingdom,22622,BOX OF VINTAGE ALPHABET BLOCKS,2.470564229079326
United Kingdom,82582,AREA PATROLLED METAL SIGN,2.4462435499185595
United Kingdom,22965,3 TRADITIONAl BISCUIT CUTTERS  SET,2.4389879818990563
United Kingdom,85048,15CM CHRISTMAS GLASS BALL 20 LIGHTS,2.398527636780066
United Kingdom,85177,BASKET OF FLOWERS SEWING KIT,2.3974267384673986
France,21212,PACK OF 72 RETROSPOT CAKE CASES,2.391710326178807
United Kingdom,20713,JUMBO BAG OWLS,2.3657653651919333
Portugal,20973,12 PENCIL SMALL TUBE WOODLAND,2.360128617363344
United Kingdom,22906,12 MESSAGE CARDS WITH ENVELOPES,2.3596176599687904
United Kingdom,23020,GLASS  SONGBIRD STORAGE JAR,2.3593554593554593
United Kingdom,21210,SET OF 72 RETROSPOT PAPER  DOILIES,2.3476190476190477
United Kingdom,46000U,check,2.3333333333333335
United Kingdom,23188,VINTAGE  2 METRE FOLDING RULER,2.3333333333333335
United Kingdom,23050,RECYCLED ACAPULCO MAT GREEN,2.2592592592592595
Germany,20981,12 PENCILS TALL TUBE WOODLAND,2.258227152963995
United Kingdom,22222,CAKE PLATE LOVEBIRD WHITE,2.257177774676397
Sweden,22467,GUMBALL COAT RACK,2.2432432432432434
United Kingdom,48138,DOORMAT UNION FLAG,2.2331481939227955
United Kingdom,22236,CAKE STAND 3 TIER MAGIC GARDEN,2.2207108922444143
United Kingdom,22960,JAM MAKING SET WITH JARS,2.197705797137408
United Kingdom,22212,FOUR HOOK  WHITE LOVEBIRDS,2.191924711596843
United Kingdom,22983,CARD BILLBOARD FONT,2.1793101026842425
United Kingdom,84212,"ASSORTED FLOWER COLOUR ""LEIS""",2.1772801540239652
United Kingdom,47590A,BLUE HAPPY BIRTHDAY BUNTING,2.1717839193520527
United Kingdom,21497,FANCY FONTS BIRTHDAY WRAP,2.162448611951668
United Kingdom,22419,LIPSTICK PEN RED,2.1538461538461537
United Kingdom,20978,36 PENCILS TUBE SKULLS,2.150992407021155
United Kingdom,22282,12 EGG HOUSE PAINTED WOOD,2.1491863884728453
France,23319,BOX OF 6 MINI 50'S CRACKERS,2.145921985815603
United Kingdom,22823,test,2.142857142857143
United Kingdom,82486,3 DRAWER ANTIQUE WHITE WOOD CABINET,2.1372184462998596
United Kingdom,21340,CLASSIC METAL BIRDCAGE PLANT HOLDER,2.128786157822039
United Kingdom,35923,CANDY HEART HANGING DECORATION,2.125793650793651
United Kingdom,21770,OPEN CLOSED METAL SIGN,2.1254480286738353
United Kingdom,22824,3 TIER SWEETHEART GARDEN SHELF,2.1155959643507614
United Kingdom,84949,SILVER HANGING T-LIGHT HOLDER,2.111111111111111
United Kingdom,22969,HOMEMADE JAM SCENTED CANDLES,2.108204997847135
United Kingdom,22526,WHEELBARROW FOR CHILDREN,2.0833333333333335
United Kingdom,23227,FILIGREE HEART BUTTERFLY WHITE,2.0831320988574817
United Kingdom,22469,HEART OF WICKER SMALL,2.081349565836026
EIRE,22622,BOX OF VINTAGE ALPHABET BLOCKS,2.0641025641025643
United Kingdom,22171,3 HOOK PHOTO SHELF ANTIQUE WHITE,2.059303199727578
Germany,22661,CHARLOTTE BAG DOLLY GIRL DESIGN,2.0530973451327434
United Kingdom,21936,RED RETROSPOT PICNIC BAG,2.048865979381443
United Kingdom,21704,BAG 250g SWIRLY MARBLES,2.0484700823869426
United Kingdom,21991,BOHEMIAN COLLAGE STATIONERY SET,2.038399391057116
United Kingdom,22761,CHEST 7 DRAWER MA CAMPAGNE,2.036997885835095
United Kingdom,22267,EASTER DECORATION EGG BUNNY,2.031927350640291
United Kingdom,11001,ASSTD DESIGN RACING CAR PEN,2.025027760387375
United Kingdom,23064,CINDERELLA CHANDELIER,2.0198801742919392
United Kingdom,22955,36 FOIL STAR CAKE CASES,2.01362985553039
United Kingdom,84078A,SET/4 WHITE RETRO STORAGE CUBES,2.010912698412698
United Kingdom,22424,ENAMEL BREAD BIN CREAM,2.00818297558595
United Kingdom,22939,APRON APPLE DELIGHT,2.0006973013106353
United Kingdom,23082,SET 6 PAPER TABLE LANTERN HEARTS,2.0
United Kingdom,22087,Amazon,2.0
United Kingdom,22846,BREAD BIN DINER STYLE RED,1.9950224571302853
United Kingdom,22161,HEART DECORATION RUSTIC HANGING,1.9814767501277464
United Kingdom,21716,BOYS VINTAGE TIN SEASIDE BUCKET,1.9643595598703247
United Kingdom,22148,EASTER CRAFT 4 CHICKS,1.9639989639989641
United Kingdom,21108,FAIRY CAKE FLANNEL ASSORTED COLOUR,1.9620634207256114
United Kingdom,23051,RECYCLED ACAPULCO MAT BLUE,1.9604166666666667
United Kingdom,22176,BLUE OWL SOFT TOY,1.958725012498296
United Kingdom,21166,COOK WITH WINE METAL SIGN,1.955231501329203
United Kingdom,21481,FAWN BLUE HOT WATER BOTTLE,1.949977299538605
Germany,15036,ASSORTED COLOURS SILK FAN,1.9475469512699595
United Kingdom,84929,found,1.9411764705882353
United Kingdom,22937,BAKING MOULD CHOCOLATE CUPCAKES,1.9313900275667306
United Kingdom,22980,PANTRY SCRUBBING BRUSH,1.9179894179894184
Netherlands,84406B,CREAM CUPID HEARTS COAT HANGER,1.9115044247787611
United Kingdom,84821,DANISH ROSE DELUXE COASTER,1.90625
United Kingdom,47599B,BLUE PARTY BAGS,1.8965493479144995
United Kingdom,84380,SET OF 3 BUTTERFLY COOKIE CUTTERS,1.8888888888888888
United Kingdom,22349,DOG BOWL CHASING BALL DESIGN,1.8872141372141373
Portugal,20983,12 PENCILS TALL TUBE RED RETROSPOT,1.8808290155440415
Germany,23253,16 PIECE CUTLERY SET PANTRY DESIGN,1.8802203528623538
Spain,22418,10 COLOUR SPACEBOY PEN,1.858974358974359
United Kingdom,51014A,"FEATHER PEN,HOT PINK",1.8537077104642017
United Kingdom,23581,JUMBO BAG PAISLEY PARK,1.8341482776183728
United Kingdom,23187,FRENCH STYLE STORAGE JAR BONBONS,1.8333333333333333
United Kingdom,20975,12 PENCILS SMALL TUBE RED RETROSPOT,1.8255173005541996
EIRE,22418,10 COLOUR SPACEBOY PEN,1.8250942713927727
United Kingdom,22933,BAKING MOULD EASTER EGG MILK CHOC,1.8162387348762195
United Kingdom,21843,RED RETROSPOT CAKE STAND,1.8149301231493011
Germany,22567,20 DOLLY PEGS RETROSPOT,1.8140215566348863
United Kingdom,84279B,CHERRY BLOSSOM DECORATIVE FLASK,1.8065356182795698
United Kingdom,22084,PAPER CHAIN KIT EMPIRE,1.8032726527699356
United Kingdom,22595,CHRISTMAS GINGHAM HEART,1.8018949343339585
United Kingdom,22853,CAT BOWL VINTAGE CREAM,1.7985725715582117
United Kingdom,85129B,BEADED CRYSTAL HEART GREEN SMALL,1.7741935483870968
United Kingdom,23109,PACK OF SIX LED TEA LIGHTS,1.7738095238095237
United Kingdom,84347,ROTATING SILVER ANGELS T-LIGHT HLDR,1.7735042735042734
United Kingdom,84944,michel oops,1.75
United Kingdom,46000M,POLYESTER FILLER PAD 45x45cm,1.7410724637681159
United Kingdom,22776,SWEETHEART 3 TIER CAKE STAND,1.7321428571428572
United Kingdom,22427,ENAMEL FLOWER JUG CREAM,1.730929792873652
United Kingdom,85175,CACTI T-LIGHT CANDLES,1.727024213802384
United Kingdom,21619,4 VANILLA BOTANICAL CANDLES,1.7239997212693803
United Kingdom,21534,DAIRY MAID LARGE MILK JUG,1.7225790513833994
United Kingdom,23328,SET 6 SCHOOL MILK BOTTLES IN CRATE,1.7222222222222223
United Kingdom,22481,BLACK TEA TOWEL CLASSIC DESIGN,1.721986917803947
United Kingdom,22568,FELTCRAFT CUSHION OWL,1.716882756612141
United Kingdom,22041,"RECORD FRAME 7"" SINGLE SIZE ",1.7136591478696743
United Kingdom,23078,ICE CREAM PEN LIP GLOSS,1.7083333333333333
United Kingdom,84884A,ANT WHITE WIRE HEART SPIRAL,1.7066999790157524
United Kingdom,21830,damaged,1.704225352112676
United Kingdom,21773,DECORATIVE ROSE BATHROOM BOTTLE,1.7
United Kingdom,21143,ANTIQUE GLASS HEART DECORATION,1.6840867073444554
United Kingdom,22964,3 PIECE SPACEBOY COOKIE CUTTER SET,1.68048628703863
United Kingdom,22621,TRADITIONAL KNITTING NANCY,1.6666666666666667
United Kingdom,21352,EUCALYPTUS & PINECONE  WREATH,1.6666666666666667
United Kingdom,90178A,AMBER CHUNKY GLASS+BEAD NECKLACE,1.6438651218062983
Switzerland,22077,6 RIBBONS RUSTIC CHARM,1.6291079812206573
United Kingdom,22636,CHILDS BREAKFAST SET CIRCUS PARADE,1.6258374908170439
United Kingdom,72800C,4 PINK DINNER CANDLE SILVER FLOCK,1.625
United Kingdom,84032B,CHARLIE + LOLA RED HOT WATER BOTTLE,1.6141071198278765
United Kingdom,21930,JUMBO STORAGE BAG SKULLS,1.6
United Kingdom,22963,JAM JAR WITH BLUE LID,1.6
United Kingdom,84558A,3D DOG PICTURE PLAYING CARDS,1.5917206937150614
United Kingdom,22418,10 COLOUR SPACEBOY PEN,1.5870693406614818
United Kingdom,23085,ANTIQUE SILVER BAUBLE LAMP,1.5858673120217672
United Kingdom,84827,ASS DES PHONE SPONGE CRAFT STICKER,1.5848596270689292
United Kingdom,23253,16 PIECE CUTLERY SET PANTRY DESIGN,1.5797762601038117
United Kingdom,23204,CHARLOTTE BAG APPLES DESIGN,1.5742964861916218
United Kingdom,21830,ASSORTED CREEPY CRAWLIES,1.5710682378887189
United Kingdom,22098,BOUDOIR SQUARE TISSUE BOX,1.569196441206826
United Kingdom,17003,BROCADE RING PURSE,1.5689995827628398
United Kingdom,22558,CLOTHES PEGS RETROSPOT PACK 24,1.5641419467347888
United Kingdom,22067,CHOC TRUFFLE GOLD TRINKET POT,1.5551886472939105
Netherlands,23084,RABBIT NIGHT LIGHT,1.545
United Kingdom,35095A,BLUE VICTORIAN FABRIC OVAL BOX,1.5402298850574712
United Kingdom,23382,BOX OF 6 CHRISTMAS CAKE DECORATIONS,1.5327104351202527
United Kingdom,22229,BUNNY WOODEN PAINTED WITH FLOWER,1.5313886860910157
EIRE,22580,ADVENT CALENDAR GINGHAM SACK,1.5303508338632013
United Kingdom,22784,LANTERN CREAM GAZEBO,1.512651171579743
United Kingdom,22456,NATURAL SLATE CHALKBOARD LARGE,1.5102842608277394
United Kingdom,15056BL,EDWARDIAN PARASOL BLACK,1.504054572951648
United Kingdom,22169,FAMILY ALBUM WHITE PICTURE FRAME,1.5026354741052954
United Kingdom,20713,wrongly coded 23343,1.5
United Kingdom,22078,RIBBON REEL LACE DESIGN,1.5
United Kingdom,23313,VINTAGE CHRISTMAS BUNTING,1.5
United Kingdom,23497,CLASSIC CHROME BICYCLE BELL,1.4813872739018088
United Kingdom,21080,SET/20 RED RETROSPOT PAPER NAPKINS,1.4773076923076922
United Kingdom,21137,BLACK RECORD COVER FRAME,1.4764504260297815
United Kingdom,85186C,BUNNY EGG GARLAND,1.4671826505276226
United Kingdom,23283,DOORMAT VINTAGE LEAF,1.4652941176470589
France,84879,ASSORTED COLOUR BIRD ORNAMENT,1.4652219533367257
United Kingdom,21705,BAG 500g SWIRLY MARBLES,1.4542308611729704
United Kingdom,84823,DANISH ROSE FOLDING CHAIR,1.4489844119036372
EIRE,22950,36 DOILIES VINTAGE CHRISTMAS,1.4448865583327357
United Kingdom,47566,PARTY BUNTING,1.4434319681183656
United Kingdom,22855,FINE WICKER HEART,1.4410543631963808
United Kingdom,21260,FIRST AID TIN,1.4394799054373522
United Kingdom,22914,BLUE COAT RACK PARIS FASHION,1.4386039740172127
United Kingdom,35819B,"ACRYLIC HANGING JEWEL,BLUE",1.4247750254656333
United Kingdom,79000,MOROCCAN TEA GLASS,1.4242424242424243
United Kingdom,84581,DOG TOY WITH PINK CROCHET SKIRT,1.4230670762928828
United Kingdom,84997C,BLUE 3 PIECE POLKADOT CUTLERY SET,1.4183417693893223
United Kingdom,22566,FELTCRAFT HAIRBAND PINK AND PURPLE,1.4177115987460815
United Kingdom,84796B,BLUE SAVANNAH PICNIC HAMPER FOR 2,1.4159261790840738
United Kingdom,22725,ALARM CLOCK BAKELIKE CHOCOLATE,1.4014680492331657
United Kingdom,21918,SET 12 KIDS COLOUR  CHALK STICKS,1.4
United Kingdom,23525,BUFFALO BILL WALL ART,1.4
Germany,22847,BREAD BIN DINER STYLE IVORY,1.392735042735043
United Kingdom,21927,BLUE/CREAM STRIPE CUSHION COVER,1.3913142296079093
United Kingdom,22950,36 DOILIES VINTAGE CHRISTMAS,1.387199609232917
United Kingdom,84929,ASSTD FRUIT+FLOWERS FRIDGE MAGNETS,1.386208012498899
France,85014A,BLACK/BLUE POLKADOT UMBRELLA,1.3801967722252584
United Kingdom,22460,EMBOSSED GLASS TEALIGHT HOLDER,1.3783438375350139
Italy,POST,POSTAGE,1.375
United Kingdom,21841,BABY MOUSE RED GINGHAM DRESS,1.3615384615384616
United Kingdom,22797,CHEST OF DRAWERS GINGHAM HEART,1.3595205773236931
United Kingdom,85071A,BLUE CHARLIE+LOLA PERSONAL DOORSIGN,1.3545048867102896
United Kingdom,23181,BULL DOG BOTTLE TOP WALL CLOCK,1.3503340126811594
France,20983,12 PENCILS TALL TUBE RED RETROSPOT,1.3474865627372523
United Kingdom,22121,NOEL WOODEN BLOCK LETTERS,1.34375
United Kingdom,22207,FRYING PAN UNION FLAG,1.3423791852736897
United Kingdom,22569,FELTCRAFT CUSHION BUTTERFLY,1.3400450886086737
France,22567,20 DOLLY PEGS RETROSPOT,1.330052339660964
United Kingdom,84946,ANTIQUE SILVER TEA GLASS ETCHED,1.3299454757694498
United Kingdom,21448,12 DAISY PEGS IN WOOD BOX,1.3253285315101546
United Kingdom,22842,BISCUIT TIN VINTAGE RED,1.3227874221990044
United Kingdom,22465,HANGING METAL STAR LANTERN,1.3144215210355987
United Kingdom,85066,CREAM SWEETHEART MINI CHEST,1.3024826139244488
United Kingdom,20982,12 PENCILS TALL TUBE SKULLS,1.3013679975243482
United Kingdom,84559a,3D SHEET OF DOG STICKERS,1.3011580086580088
United Kingdom,22366,DOORMAT AIRMAIL,1.2950299560906784
United Kingdom,23058,CHRISTMAS HANGING SNOWFLAKE,1.2916666666666667
United Kingdom,85053,FRENCH ENAMEL CANDLEHOLDER,1.2883573196189844
United Kingdom,23356,LOVE HOT WATER BOTTLE,1.2857142857142858
United Kingdom,84992,72 SWEETHEART FAIRY CAKE CASES,1.2788822591019795
United Kingdom,85034B,3 WHITE CHOC MORRIS BOXED CANDLES,1.2780834916737096
Belgium,23204,CHARLOTTE BAG APPLES DESIGN,1.2768764731749371
United Kingdom,22949,36 DOILIES DOLLY GIRL,1.2684660215831578
United Kingdom,84279P,CHERRY BLOSSOM  DECORATIVE FLASK,1.2676381128442291
United Kingdom,23344,JUMBO BAG 50'S CHRISTMAS,1.2659972522201972
United Kingdom,22158,3 HEARTS HANGING DECORATION RUSTIC,1.2643332952363309
United Kingdom,23186,FRENCH STYLE STORAGE JAR CAFE,1.2618243243243243
United Kingdom,22294,HEART FILIGREE DOVE  SMALL,1.2582648401826484
United Kingdom,23234,BISCUIT TIN VINTAGE CHRISTMAS,1.2573032449065813
United Kingdom,22588,CARD HOLDER GINGHAM HEART,1.2536502644395204
United Kingdom,75049L,LARGE CIRCULAR MIRROR MOBILE,1.2514880952380951
United Kingdom,21650,ASSORTED TUTTI FRUTTI BRACELET,1.2463066958722833
United Kingdom,DOT,DOTCOM POSTAGE,1.238790455987933
United Kingdom,21484,CHICK GREY HOT WATER BOTTLE,1.2339999989081984
United Kingdom,21615,4 LAVENDER BOTANICAL DINNER CANDLES,1.233119482372579
EIRE,20984,12 PENCILS TALL TUBE POSY,1.2315527844719523
United Kingdom,22113,GREY HEART HOT WATER BOTTLE,1.2277319861422742
United Kingdom,20974,12 PENCILS SMALL TUBE SKULL,1.2230575640886134
United Kingdom,22661,CHARLOTTE BAG DOLLY GIRL DESIGN,1.220440489835975
United Kingdom,21447,12 IVORY ROSE PEG PLACE SETTINGS,1.2183600527458915
United Kingdom,22131,FOOD CONTAINER SET 3 LOVE HEART,1.2166666666666666
United Kingdom,20977,36 PENCILS TUBE WOODLAND,1.2142169161377487
United Kingdom,23165,LARGE CERAMIC TOP STORAGE JAR,1.2138888888888888
France,23192,BUNDLE OF 3 ALPHABET EXERCISE BOOKS,1.2095238095238094
United Kingdom,21640,ASSORTED TUTTI FRUTTI  FOB NOTEBOOK,1.2087035771246297
Belgium,22726,ALARM CLOCK BAKELIKE GREEN,1.2052629901074858
United Kingdom,84559B,3D SHEET OF CAT STICKERS,1.2051737457180705
United Kingdom,23169,CLASSIC GLASS COOKIE JAR,1.205092136147634
United Kingdom,22728,ALARM CLOCK BAKELIKE PINK,1.203318144796501
United Kingdom,22939,ADULT APRON APPLE DELIGHT,1.2022114559652666
United Kingdom,23215,JINGLE BELL HEART ANTIQUE SILVER,1.2008491150613843
United Kingdom,22720,SET OF 3 CAKE TINS PANTRY DESIGN,1.1938831453634084
United Kingdom,23300,GARDENERS KNEELING PAD CUP OF TEA,1.182369526867403
France,22976,CIRCUS PARADE CHILDRENS EGG CUP,1.1817895683453237
United Kingdom,21446,12 RED ROSE PEG PLACE SETTINGS,1.1808996751225187
United Kingdom,22065,CHRISTMAS PUDDING TRINKET POT,1.1782811522971668
United Kingdom,21644,ASSORTED TUTTI FRUTTI HEART BOX,1.1674465240641712
United Kingdom,21429,RED GINGHAM ROSE JEWELLERY BOX,1.1666666666666667
United Kingdom,23176,ABC TREASURE BOOK BOX,1.1664463290495617
United Kingdom,21908,CHOCOLATE THIS WAY METAL SIGN,1.1604035943292719
United Kingdom,22112,CHOCOLATE HOT WATER BOTTLE,1.1507770601077079
United Kingdom,21457,2 PICTURE BOOK EGGS EASTER DUCKS,1.145162432532877
Germany,23353,6 GIFT TAGS VINTAGE CHRISTMAS,1.1426776630183444
United Kingdom,23355,HOT WATER BOTTLE KEEP CALM,1.131731365095882
United Kingdom,22047,EMPIRE GIFT WRAP,1.1316134126840969
United Kingdom,85169C,EAU DE NIL LOVE BIRD CANDLE,1.1306122448979592
United Kingdom,71459,HANGING JAM JAR T-LIGHT HOLDERS,1.1301674953783387
France,22236,CAKE STAND 3 TIER MAGIC GARDEN,1.1289889155380974
United Kingdom,22316,200 BENDY SKULL STRAWS,1.1285593873151936
Japan,23084,RABBIT NIGHT LIGHT,1.125
United Kingdom,20829,GLITTER HANGING BUTTERFLY STRING,1.1160300925925926
United Kingdom,20979,36 PENCILS TUBE RED RETROSPOT,1.113316647812854
United Kingdom,22937,BAKING MOULD CUPCAKE CHOCOLATE,1.1111111111111112
EIRE,20977,36 PENCILS TUBE WOODLAND,1.106951871657754
France,23254,CHILDRENS CUTLERY DOLLY GIRL,1.1063829787234043
United Kingdom,85014A,BLACK/BLUE POLKADOT UMBRELLA,1.1042807452587569
France,22620,4 TRADITIONAL SPINNING TOPS,1.102604259558961
United Kingdom,22677,FRENCH BLUE METAL DOOR SIGN 2,1.096774193548387
United Kingdom,22771,CLEAR DRAWER KNOB ACRYLIC EDWARDIAN,1.0871779380817326
United Kingdom,22144,CHRISTMAS CRAFT LITTLE FRIENDS,1.082610750453017
United Kingdom,85088,CANDY SPOT HAND BAG,1.081979150295982
United Kingdom,22645,CERAMIC HEART FAIRY CAKE MONEY BANK,1.0809840301673095
Germany,23203,JUMBO BAG DOILEY PATTERNS,1.0777777777777777
United Kingdom,22620,4 TRADITIONAL SPINNING TOPS,1.0774569500033204
United Kingdom,48111,DOORMAT 3 SMILEY CATS,1.0679971721430623
United Kingdom,22074,6 RIBBONS SHIMMERING PINKS,1.0623501823760932
United Kingdom,22191,IVORY DINER WALL CLOCK,1.0606060606060606
United Kingdom,22153,ANGEL DECORATION STARS ON DRESS,1.0604124190230553
Germany,22906,12 MESSAGE CARDS WITH ENVELOPES,1.0588235294117647
United Kingdom,47591D,PINK FAIRY CAKE CHILDRENS APRON,1.0558004392979763
United Kingdom,84946,ANTIQUE SILVER T-LIGHT GLASS,1.043371187606347
Germany,84879,ASSORTED COLOUR BIRD ORNAMENT,1.0425178425178425
United Kingdom,40016,CHINESE DRAGON PAPER LANTERNS,1.0377615345732862
United Kingdom,22898,CHILDRENS APRON APPLES DESIGN,1.0376136248846517
United Kingdom,22021,BLUE FELT EASTER EGG BASKET,1.034271435902829
United Kingdom,51014C,"FEATHER PEN,COAL BLACK",1.029645539288741
United Kingdom,85130B,BEADED CRYSTAL HEART GREEN LARGE,1.0276106274401646
United Kingdom,22154,ANGEL DECORATION 3 BUTTONS,1.0260992445604915
Channel Islands,22950,36 DOILIES VINTAGE CHRISTMAS,1.022099447513812
Switzerland,22418,10 COLOUR SPACEBOY PEN,1.0193122450440135
United Kingdom,22372,AIRLINE BAG VINTAGE WORLD CHAMPION,1.013406434986732
United Kingdom,21670,BLUE SPOT CERAMIC DRAWER KNOB,1.0092972384422148
United Kingdom,22712,CARD DOLLY GIRL,1.00827750709751
United Kingdom,21658,GLASS  BEURRE DISH,1.008046157059315
United Kingdom,22993,SET OF 4 PANTRY JELLY MOULDS,1.0
United Kingdom,22489,PACK OF 12 TRADITIONAL CRAYONS,1.0
United Kingdom,22810,SET OF 6 T-LIGHTS SNOWMEN,1.0
United Kingdom,23237,SET OF 4 KNICK KNACK TINS LEAF,1.0
United Kingdom,23211,RED ROCKING HORSE HAND PAINTED,1.0
United Kingdom,21826,EIGHT PIECE DINOSAUR SET,1.0
United Kingdom,21586,KINGS CHOICE GIANT TUBE MATCHES,1.0
United Kingdom,21707,FOLDING UMBRELLA BLACKBLUE POLKADOT,1.0
Italy,23084,RABBIT NIGHT LIGHT,1.0
United Kingdom,20713,wrongly marked 23343,1.0
United Kingdom,35965,found,1.0
United Kingdom,20713,Marked as 23343,1.0
Portugal,POST,POSTAGE,1.0
United Kingdom,20749,ASSORTED COLOUR MINI CASES,0.9915886086072906
United Kingdom,22934,BAKING MOULD EASTER EGG WHITE CHOC,0.9833917844869696
United Kingdom,22379,RECYCLING BAG RETROSPOT,0.98
United Kingdom,84029E,RED WOOLLY HOTTIE WHITE HEART.,0.9711538461538463
Germany,20679,EDWARDIAN PARASOL RED,0.9689922480620154
United Kingdom,35833P,4 PINK FLOCK CHRISTMAS BALLS,0.9689893512785553
United Kingdom,20981,12 PENCILS TALL TUBE WOODLAND,0.9672315327482816
United Kingdom,22077,6 RIBBONS RUSTIC CHARM,0.9669477348751838
United Kingdom,22729,ALARM CLOCK BAKELIKE ORANGE,0.9668767146598821
United Kingdom,72741,GRAND CHOCOLATECANDLE,0.9664809951198556
Spain,22728,ALARM CLOCK BAKELIKE PINK,0.9659090909090909
France,22223,CAKE PLATE LOVEBIRD PINK,0.9659090909090909
United Kingdom,85034a,3 GARDENIA MORRIS BOXED CANDLES,0.96
United Kingdom,22843,BISCUIT TIN VINTAGE GREEN,0.9573154000868196
United Kingdom,15036,ASSORTED COLOURS SILK FAN,0.9538052770161493
United Kingdom,47599A,PINK PARTY BAGS,0.9512195121951219
Germany,20749,ASSORTED COLOUR MINI CASES,0.9480672835935994
United Kingdom,21043,APRON MODERN VINTAGE COTTON,0.9415661031507847
United Kingdom,84993A,75 GREEN PETIT FOUR CASES,0.9412975490852551
United Kingdom,22931,BAKING MOULD HEART WHITE CHOCOLATE,0.9376771876771877
France,22631,CIRCUS PARADE LUNCH BOX,0.9302581464240371
United Kingdom,23571,TRADITIONAL NAUGHTS & CROSSES,0.9285714285714286
United Kingdom,22675,FRENCH KITCHEN SIGN BLUE METAL,0.9243027888446215
Germany,84531B,BLUE KNITTED EGG COSY,0.921875
United Kingdom,22092,BLUE PAISLEY TISSUE BOX,0.921146953405018
United Kingdom,22274,FELTCRAFT DOLL EMILY,0.9204545454545454
United Kingdom,20652,BLUE POLKADOT LUGGAGE TAG,0.9194202280070719
United Kingdom,20980,36 PENCILS TUBE POSY,0.9164047844561234
United Kingdom,22087,PAPER BUNTING WHITE LACE,0.9135682421866631
United Kingdom,85034A,3 GARDENIA MORRIS BOXED CANDLES,0.9129923700321904
United Kingdom,22356,CHARLOTTE BAG PINK POLKADOT,0.909241563003182
United Kingdom,85231B,CINAMMON SET OF 9 T-LIGHTS,0.9044175754702071
United Kingdom,21495,SKULLS AND CROSSBONES WRAP,0.9
United Kingdom,84969,BOX OF 6 ASSORTED COLOUR TEASPOONS,0.8986045988885906
United Kingdom,48129,DOORMAT TOPIARY,0.8972654897888543
United Kingdom,16011,ANIMAL STICKERS,0.8894251860933574
United Kingdom,23353,6 GIFT TAGS VINTAGE CHRISTMAS,0.8882279948256524
United Kingdom,22182,CAKE STAND VICTORIAN FILIGREE SMALL,0.8862773029439697
United Kingdom,22907,PACK OF 20 NAPKINS PANTRY DESIGN,0.886275872721656
United Kingdom,22364,GLASS JAR DIGESTIVE BISCUITS,0.8851847060101329
Germany,22244,3 HOOK HANGER MAGIC GARDEN,0.883386594328123
United Kingdom,22798,ANTIQUE GLASS DRESSING TABLE POT,0.8807040540448443
France,22726,ALARM CLOCK BAKELIKE GREEN,0.8795806496038193
United Kingdom,84945,MULTI COLOUR SILVER T-LIGHT HOLDER,0.8759032834455429
United Kingdom,44235,ASS COL CIRCLE MOBILE,0.8729253756053142
United Kingdom,22150,3 STRIPEY MICE FELTCRAFT,0.8633415746993665
United Kingdom,22685,FRENCH BLUE METAL DOOR SIGN 0,0.8582118672558282
United Kingdom,22802,FAUX FUR CHOCOLATE THROW,0.85578231292517
United Kingdom,23310,BUBBLEGUM RING ASSORTED,0.8557762577155309
United Kingdom,23128,DOLLCRAFT BOY JEAN-PAUL,0.855098389982111
United Kingdom,21500,PINK POLKADOT WRAP,0.8548387096774194
United Kingdom,22377,BOTTLE BAG RETROSPOT,0.8544431996479509
Germany,22077,6 RIBBONS RUSTIC CHARM,0.8537953599244928
Germany,22819,"BIRTHDAY CARD, RETRO SPOT",0.8503549695740366
United Kingdom,20931,BLUE POT PLANT CANDLE,0.8491614500428232
Germany,21914,BLUE HARMONICA IN BOX,0.8481479694734233
United Kingdom,21644,found,0.8461538461538461
United Kingdom,35961,FOLKART ZINC HEART CHRISTMAS DEC,0.8460470085470086
Germany,22725,ALARM CLOCK BAKELIKE CHOCOLATE,0.8409090909090909
United Kingdom,20686,DOLLY MIXTURE CHILDREN'S UMBRELLA,0.8351485353912538
United Kingdom,23166,MEDIUM CERAMIC TOP STORAGE JAR,0.833373756428395
United Kingdom,72801d,4 SKY BLUE DINNER CANDLES,0.8299016561688267
United Kingdom,21922,UNION STRIPE WITH FRINGE  HAMMOCK,0.8277777777777778
United Kingdom,22762,CUPBOARD 3 DRAWER MA CAMPAGNE,0.8251339793211715
United Kingdom,84465,15 PINK FLUFFY CHICKS IN BOX,0.8239831516111324
France,22352,LUNCH BOX WITH CUTLERY RETROSPOT,0.8229166666666666
Spain,22726,ALARM CLOCK BAKELIKE GREEN,0.8184843327223531
United Kingdom,23319,BOX OF 6 MINI 50'S CRACKERS,0.8152968089774076
EIRE,22726,ALARM CLOCK BAKELIKE GREEN,0.8143265102142806
United Kingdom,22715,CARD WEDDING DAY,0.8142857142857143
United Kingdom,22178,VICTORIAN GLASS HANGING T-LIGHT,0.8137991910050734
United Kingdom,22952,60 CAKE CASES VINTAGE CHRISTMAS,0.8125254721621991
Germany,21700,BIG DOUGHNUT FRIDGE MAGNETS,0.8089186974157875
Germany,22620,4 TRADITIONAL SPINNING TOPS,0.7942653773838302
United Kingdom,23179,CLOCK MAGNET MUM'S KITCHEN,0.7921747967479674
United Kingdom,85019B,BLOSSOM  IMAGES NOTEBOOK SET,0.7847603052737411
Germany,20973,12 PENCIL SMALL TUBE WOODLAND,0.784084280875317
United Kingdom,22283,6 EGG HOUSE PAINTED WOOD,0.7817014845806942
United Kingdom,22646,CERAMIC STRAWBERRY CAKE MONEY BANK,0.7805403906519938
Belgium,22631,CIRCUS PARADE LUNCH BOX,0.7802197802197802
United Kingdom,84755,COLOUR GLASS T-LIGHT HOLDER HANGING,0.7791451366620087
United Kingdom,22956,36 FOIL HEART CAKE CASES,0.7786636948128409
United Kingdom,22141,CHRISTMAS CRAFT TREE TOP ANGEL,0.7785754044740923
United Kingdom,22732,3D VINTAGE CHRISTMAS STICKERS,0.7783108592969303
United Kingdom,22026,BANQUET BIRTHDAY  CARD,0.774076316499767
United Kingdom,21833,CAMOUFLAGE LED TORCH,0.773469741163467
United Kingdom,23205,CHARLOTTE BAG ALPHABET  DESIGN,0.7704730791168565
United Kingdom,21163,DO NOT TOUCH MY STUFF DOOR HANGER,0.7698105352567596
United Kingdom,22804,CANDLEHOLDER PINK HANGING HEART,0.7690608093286163
United Kingdom,21617,4 LILY  BOTANICAL DINNER CANDLES,0.7654973315322893
United Kingdom,22915,ASSORTED BOTTLE TOP  MAGNETS,0.7648104687603063
Belgium,22915,ASSORTED BOTTLE TOP  MAGNETS,0.7592592592592593
United Kingdom,23395,BELLE JARDINIERE CUSHION COVER,0.7558723911735081
United Kingdom,22731,3D CHRISTMAS STAMPS STICKERS,0.7556590015452525
Germany,20977,36 PENCILS TUBE WOODLAND,0.7490010562949728
United Kingdom,71459,HANGING JAM JAR T-LIGHT HOLDER,0.7484685288256716
France,20963,APPLE BATH SPONGE,0.7425373134328358
United Kingdom,20984,12 PENCILS TALL TUBE POSY,0.7413179855303136
United Kingdom,22930,BAKING MOULD HEART MILK CHOCOLATE,0.7396274299086285
United Kingdom,35819P,"ACRYLIC HANGING JEWEL,PINK",0.7395664615052371
United Kingdom,23247,BISCUIT TIN 50'S CHRISTMAS,0.7395615383828996
Portugal,22620,4 TRADITIONAL SPINNING TOPS,0.7381398272615106
United Kingdom,15044B,BLUE PAPER PARASOL,0.7324617499448812
United Kingdom,84879,ASSORTED COLOUR BIRD ORNAMENT,0.7310559025598686
United Kingdom,20914,SET/5 RED RETROSPOT LID GLASS BOWLS,0.7291666666666666
United Kingdom,16218,CARTOON  PENCIL SHARPENERS,0.7269797345996181
United Kingdom,21328,BALLOONS  WRITING SET,0.7190086068707376
United Kingdom,22942,CHRISTMAS LIGHTS 10 SANTAS,0.7152447670579322
United Kingdom,23103,BELL HEART DECORATION,0.7135167758798987
United Kingdom,85049G,CHOCOLATE BOX RIBBONS,0.7125735912531539
United Kingdom,22151,PLACE SETTING WHITE HEART,0.702962962962963
United Kingdom,37448,CERAMIC CAKE DESIGN SPOTTED MUG,0.7029519428077518
France,22138,BAKING SET 9 PIECE RETROSPOT,0.7000319007821139
United Kingdom,23202,JUMBO BAG VINTAGE LEAF,0.7
United Kingdom,22822,CREAM WALL PLANTER HEART SHAPED,0.691346581009003
United Kingdom,21975,PACK OF 60 DINOSAUR CAKE CASES,0.6902777777777778
United Kingdom,21914,BLUE HARMONICA IN BOX,0.6894461907705994
United Kingdom,79163,BLACK CHAMPAGNE GLASS,0.6737885790939729
United Kingdom,21165,BEWARE OF THE CAT METAL SIGN,0.6722646221428995
United Kingdom,23348,check,0.6666666666666666
United Kingdom,85185B,Found in w/hse,0.6666666666666666
United Kingdom,23509,MINI PLAYING CARDS FUN FAIR,0.6666666666666666
Germany,21240,BLUE POLKADOT CUP,0.6644917582417583
United Kingdom,17164B,ASS COL SMALL SAND GECKO P'WEIGHT,0.6602876106194691
United Kingdom,23424,GINGHAM RECIPE BOOK BOX,0.6558418864731632
Germany,47503A,ASS FLORAL PRINT MULTI SCREWDRIVER,0.6542056074766355
United Kingdom,22805,BLUE DRAWER KNOB ACRYLIC EDWARDIAN,0.6514872961098483
United Kingdom,21915,RED  HARMONICA IN BOX,0.6501870643768071
United Kingdom,85034C,3 ROSE MORRIS BOXED CANDLES,0.6433816330656442
United Kingdom,22984,CARD GINGHAM ROSE,0.6433438721458677
United Kingdom,22801,ANTIQUE GLASS PEDESTAL BOWL,0.6405797301293285
United Kingdom,22650,CERAMIC PIRATE CHEST MONEY BANK,0.6386436145325238
United Kingdom,22826,LOVE SEAT ANTIQUE WHITE METAL,0.6375661375661376
United Kingdom,23527,ANIMALS AND NATURE WALL ART,0.6337388870009898
France,23286,BLUE VINTAGE SPOT BEAKER,0.6320346320346321
United Kingdom,21518,BANK ACCOUNT  GREETING  CARD,0.6315809968226325
United Kingdom,23255,CHILDRENS CUTLERY CIRCUS PARADE,0.6228858350951374
United Kingdom,47421,ASSORTED COLOUR LIZARD SUCTION HOOK,0.6212874342522738
United Kingdom,84884a,ANT WHITE WIRE HEART SPIRAL,0.6147186147186147
United Kingdom,22653,BUTTON BOX,0.6137970884876965
United Kingdom,85035B,CHOCOLATE 3 WICK MORRIS BOX CANDLE,0.6114850427350428
United Kingdom,21217,RED RETROSPOT ROUND CAKE TINS,0.6073529411764707
United Kingdom,22714,CARD BIRTHDAY COWBOY,0.605845808524545
United Kingdom,22244,3 HOOK HANGER MAGIC GARDEN,0.6010812533117473
United Kingdom,23406,HOME SWEET HOME KEY HOLDER,0.6
United Kingdom,21407,BROWN CHECK CAT DOORSTOP,0.5981512618703662
United Kingdom,22623,BOX OF VINTAGE JIGSAW BLOCKS,0.5952006390996681
United Kingdom,84947,ANTIQUE SILVER TEA GLASS ENGRAVED,0.5922741902254811
United Kingdom,22963,JAM JAR WITH GREEN LID,0.5897435897435898
United Kingdom,23486,ANTIQUE HEART SHELF UNIT,0.5865619700530491
United Kingdom,84997a,CHILDRENS CUTLERY POLKADOT GREEN,0.5862068965517241
United Kingdom,22972,CHILDREN'S SPACEBOY MUG,0.5852745008777602
United Kingdom,23109,LED TEA LIGHTS,0.5841269841269842
United Kingdom,22596,CHRISTMAS STAR WISH LIST CHALKBOARD,0.5825129167521208
Belgium,22951,60 CAKE CASES DOLLY GIRL DESIGN,0.5771796013413476
United Kingdom,22800,ANTIQUE TALL SWIRLGLASS TRINKET POT,0.5762464767393417
United Kingdom,21458,2 PICTURE BOOK EGGS EASTER BUNNY,0.5739606960804604
United Kingdom,21675,BUTTERFLIES STICKERS,0.5714285714285714
United Kingdom,35816P,"ACRYLIC JEWEL ANGEL,PINK",0.5701492537313433
United Kingdom,21616,4 PEAR BOTANICAL DINNER CANDLES,0.5693193874002804
EIRE,22620,4 TRADITIONAL SPINNING TOPS,0.5672458128808655
France,22964,3 PIECE SPACEBOY COOKIE CUTTER SET,0.5652960102169918
United Kingdom,82567,"AIRLINE LOUNGE,METAL SIGN",0.5649735708016534
Portugal,84991,60 TEATIME FAIRY CAKE CASES,0.5611814345991561
United Kingdom,15039,SANDALWOOD FAN,0.561111111111111
United Kingdom,23434,3 RAFFIA RIBBONS 50'S CHRISTMAS,0.5506415746087907
United Kingdom,21012,ANTIQUE ALL GLASS CANDLESTICK,0.5474189351200363
France,20749,ASSORTED COLOUR MINI CASES,0.5371183142434957
United Kingdom,21985,PACK OF 12 HEARTS DESIGN TISSUES,0.5359555316919659
Germany,22176,BLUE OWL SOFT TOY,0.5309278350515464
United Kingdom,23301,GARDENERS KNEELING PAD KEEP CALM,0.5306198632285589
United Kingdom,72800E,4 IVORY DINNER CANDLES SILVER FLOCK,0.5260597926507746
United Kingdom,23225,CHERUB HEART DECORATION SILVER,0.5254670891925793
United Kingdom,21395,BLUE POLKADOT BEAKER,0.5243935269649567
United Kingdom,84950,ASSORTED COLOUR T-LIGHT HOLDER,0.5234752378271265
United Kingdom,21520,BOOZE & WOMEN GREETING CARD,0.5212355212355212
United Kingdom,20983,12 PENCILS TALL TUBE RED RETROSPOT,0.5195456378283442
United Kingdom,23354,6 GIFT TAGS 50'S CHRISTMAS,0.5145329651138659
United Kingdom,22194,BLACK DINER WALL CLOCK,0.5132850172794462
Germany,22171,3 HOOK PHOTO SHELF ANTIQUE WHITE,0.5044801237014351
United Kingdom,37327,adjustment,0.5
United Kingdom,16014,SMALL CHINESE STYLE SCISSOR,0.5
United Kingdom,22487,WHITE WOOD GARDEN PLANT LADDER,0.5
Germany,23212,HEART WREATH DECORATION WITH BELL,0.4982698961937716
Germany,20979,36 PENCILS TUBE RED RETROSPOT,0.4979541370534545
United Kingdom,23375,50'S CHRISTMAS PAPER GIFT BAG,0.4947156654501549
United Kingdom,22468,BABUSHKA LIGHTS STRING OF 10,0.4909125537190283
United Kingdom,22251,BIRDHOUSE DECORATION MAGIC GARDEN,0.47722789019066403
United Kingdom,20758,ABSTRACT CIRCLES POCKET BOOK,0.4767196340579066
United Kingdom,23437,50'S CHRISTMAS GIFT BAG LARGE,0.4760332728259698
United Kingdom,23254,CHILDRENS CUTLERY DOLLY GIRL,0.4750296150971005
United Kingdom,21499,BLUE POLKADOT WRAP,0.4741630049315906
United Kingdom,22441,GROW YOUR OWN BASIL IN ENAMEL MUG,0.47368421052631576
Spain,22915,ASSORTED BOTTLE TOP  MAGNETS,0.4722222222222222
EIRE,22951,60 CAKE CASES DOLLY GIRL DESIGN,0.47206926446379904
United Kingdom,22243,5 HOOK HANGER RED MAGIC TOADSTOOL,0.4677486356707666
Sweden,22951,60 CAKE CASES DOLLY GIRL DESIGN,0.46168958742632615
Germany,22223,CAKE PLATE LOVEBIRD PINK,0.46153846153846156
United Kingdom,84030E,ENGLISH ROSE HOT WATER BOTTLE,0.4613620614844605
United Kingdom,23198,PANTRY MAGNETIC  SHOPPING LIST,0.4583333333333333
United Kingdom,22518,CHILDS GARDEN BRUSH BLUE,0.45454545454545453
EIRE,22838,3 TIER CAKE TIN RED AND CREAM,0.4519521474247833
United Kingdom,21324,HANGING MEDINA LANTERN SMALL,0.45
United Kingdom,22504,CABIN BAG VINTAGE RETROSPOT,0.44702886247877766
United Kingdom,22938,CUPCAKE LACE PAPER SET 6,0.44596961680295016
United Kingdom,85032B,BLOSSOM IMAGES GIFT WRAP SET,0.44511911335241044
United Kingdom,22220,CAKE STAND LOVEBIRD 2 TIER WHITE,0.44458600759970623
United Kingdom,23119,PACK OF 6 LARGE FRUIT STRAWS,0.44047619047619047
United Kingdom,22425,ENAMEL COLANDER CREAM,0.4404707276968376
United Kingdom,23149,ANTIQUE IVORY WIRE BOWL SMALL,0.43953656067828883
United Kingdom,21642,ASSORTED TUTTI FRUTTI PEN,0.43494303856855937
United Kingdom,22464,HANGING METAL HEART LANTERN,0.4315624265400667
United Kingdom,23222,CHRISTMAS TREE HANGING GOLD,0.42857142857142855
Switzerland,22436,12 COLOURED PARTY BALLOONS,0.4280067758328628
United Kingdom,22467,GUMBALL COAT RACK,0.4264173720490017
Netherlands,22951,60 CAKE CASES DOLLY GIRL DESIGN,0.42263671047053836
Spain,22567,20 DOLLY PEGS RETROSPOT,0.42105263157894735
United Kingdom,22818,CARD CHRISTMAS VILLAGE,0.42074708956464413
United Kingdom,85130D,BEADED CRYSTAL HEART PINK LARGE,0.41622561198177305
United Kingdom,22334,DINOSAUR PARTY BAG + STICKER SET,0.4157067038422971
United Kingdom,84218,BOX/12 CHICK & EGG IN BASKET,0.4140625
United Kingdom,22644,CERAMIC CHERRY CAKE MONEY BANK,0.4124744443917771
United Kingdom,23068,ALUMINIUM STAMPED HEART,0.4121315376934906
United Kingdom,21822,GLITTER CHRISTMAS TREE WITH BELLS,0.41
France,22418,10 COLOUR SPACEBOY PEN,0.40543310007381844
United Kingdom,71496B,A4 WALL TIDY RED FLOWERS,0.4016393442622951
France,22436,12 COLOURED PARTY BALLOONS,0.40030835995282876
United Kingdom,23033,DRAWER KNOB CERAMIC RED,0.4
EIRE,22965,3 TRADITIONAl BISCUIT CUTTERS  SET,0.3994230782368414
United Kingdom,22619,SET OF 6 SOLDIER SKITTLES,0.3937134502923976
United Kingdom,22252,BIRDCAGE DECORATION TEALIGHT HOLDER,0.3849613785293614
United Kingdom,22215,CAKE STAND WHITE TWO TIER LACE,0.38364072843447056
United Kingdom,20685,DOORMAT RED RETROSPOT,0.3792499828916102
United Kingdom,22466,FAIRY TALE COTTAGE NIGHT LIGHT,0.37857142857142856
Germany,22320,BIRDS MOBILE VINTAGE DESIGN,0.37627892630375254
United Kingdom,22147,FELTCRAFT BUTTERFLY HEARTS,0.37528656843397834
Spain,20727,LUNCH BAG  BLACK SKULL.,0.375
Germany,22964,3 PIECE SPACEBOY COOKIE CUTTER SET,0.37481651671382876
United Kingdom,22904,CALENDAR PAPER CUT DESIGN,0.37099489317742534
United Kingdom,22945,CHRISTMAS METAL TAGS ASSORTED,0.3705924780389414
United Kingdom,85049F,BABY BOOM RIBBONS,0.37028727458790656
United Kingdom,21713,CITRONELLA CANDLE FLOWERPOT,0.36969950836642684
United Kingdom,23329,DECORATIVE WICKER HEART LARGE,0.36812062332800594
Germany,82486,3 DRAWER ANTIQUE WHITE WOOD CABINET,0.3670520231213873
Iceland,84558A,3D DOG PICTURE PLAYING CARDS,0.3658453890970208
United Kingdom,20755,BLUE PAISLEY POCKET BOOK,0.3643550796812749
EIRE,22138,BAKING SET 9 PIECE RETROSPOT,0.36432264594680003
United Kingdom,23070,EDWARDIAN HEART PHOTO FRAME,0.35714285714285715
Germany,22965,3 TRADITIONAl BISCUIT CUTTERS  SET,0.3552833078101072
United Kingdom,22109,FULL ENGLISH BREAKFAST PLATE,0.35358713049246454
United Kingdom,21439,BASKET OF TOADSTOOLS,0.35276939466804774
United Kingdom,23318,BOX OF 6 MINI VINTAGE CRACKERS,0.35200082375659497
United Kingdom,22063,CERAMIC BOWL WITH STRAWBERRY DESIGN,0.351516182440861
United Kingdom,23205,CHARLOTTE BAG VINTAGE ALPHABET,0.34642714227383553
EIRE,84946,ANTIQUE SILVER T-LIGHT GLASS,0.34615384615384615
United Kingdom,84461,12 PINK HEN+CHICKS IN BASKET,0.3393953234460258
United Kingdom,72800B,4 PURPLE FLOCK DINNER CANDLES,0.3376748411815249
United Kingdom,22599,CHRISTMAS MUSICAL ZINC STAR,0.33760683760683763
United Kingdom,22655,VINTAGE RED KITCHEN CABINET,0.3333333333333333
EIRE,20981,12 PENCILS TALL TUBE WOODLAND,0.33330880807231444
United Kingdom,85130C,BEADED CRYSTAL HEART BLUE  LARGE,0.33168045718580574
United Kingdom,18007,ESSENTIAL BALM 3.5g TIN IN ENVELOPE,0.3275
Spain,22620,4 TRADITIONAL SPINNING TOPS,0.3250471291087995
United Kingdom,22905,CALENDAR IN SEASON DESIGN,0.32471298349347133
United Kingdom,21470,FLOWER VINE RAFFIA FOOD COVER,0.3241468042054791
Germany,22728,ALARM CLOCK BAKELIKE PINK,0.32371732215232657
United Kingdom,23470,CARD HOLDER LOVE BIRD LARGE,0.32358113198267685
United Kingdom,72801c,4 ROSE PINK DINNER CANDLES,0.3191413984017506
United Kingdom,84406B,CREAM CUPID HEARTS COAT HANGER,0.31608665791676827
United Kingdom,22819,"BIRTHDAY CARD, RETRO SPOT",0.314604317900793
United Kingdom,21117,BLOND DOLL DOORSTOP,0.30654205607476637
United Kingdom,20752,BLUE POLKADOT WASHING UP GLOVES,0.30362701739987424
United Kingdom,22273,FELTCRAFT DOLL MOLLY,0.3013319369079749
United Kingdom,21811,check,0.3
United Kingdom,22560,TRADITIONAL MODELLING CLAY,0.29416666666666663
Denmark,22964,3 PIECE SPACEBOY COOKIE CUTTER SET,0.29255989911727615
United Kingdom,22595,GINGHAM HEART DECORATION,0.29108103983723876
United Kingdom,35818P,"ACRYLIC JEWEL ICICLE, PINK",0.29100448576589205
United Kingdom,84751B,BLACK MEDIUM GLASS CAKE STAND,0.28888888888888886
United Kingdom,22899,CHILDREN'S APRON DOLLY GIRL,0.2857729292506927
United Kingdom,22900,SET 2 TEA TOWELS I LOVE LONDON,0.28297101449275364
United Kingdom,84989a,75 GREEN FAIRY CAKE CASES,0.2821799097100796
United Kingdom,22420,LIPSTICK PEN BABY PINK,0.27882882882882887
United Kingdom,22434,BALLOON PUMP WITH 10 BALLOONS,0.2754881759511661
Germany,22580,ADVENT CALENDAR GINGHAM SACK,0.2751737478486625
Germany,37450,CERAMIC CAKE BOWL + HANGING CAKES,0.275
United Kingdom,10135,COLOURING PENCILS BROWN TUBE,0.27468124606130756
United Kingdom,22718,CARD CAT AND TREE,0.2710963782896309
Channel Islands,22077,6 RIBBONS RUSTIC CHARM,0.2701525054466231
France,22797,CHEST OF DRAWERS GINGHAM HEART,0.2676799007444169
Germany,15056BL,EDWARDIAN PARASOL BLACK,0.26012390323213636
United Kingdom,21647,ASSORTED TUTTI FRUTTI LARGE PURSE,0.2597539015606243
United Kingdom,23253,16 PC CUTLERY SET PANTRY DESIGN,0.25862068965517243
United Kingdom,21591,COSY HOUR CIGAR BOX MATCHES,0.25407786302926966
United Kingdom,21422,PORCELAIN ROSE SMALL,0.25
United Kingdom,21181,dotcom,0.25
United Kingdom,21213,PACK OF 72 SKULL CAKE CASES,0.25
United Kingdom,22734,amazon,0.25
United Kingdom,23017,APOTHECARY MEASURING JAR,0.24954988399660877
United Kingdom,21700,BIG DOUGHNUT FRIDGE MAGNETS,0.24807262531871335
Norway,22964,3 PIECE SPACEBOY COOKIE CUTTER SET,0.24786324786324787
United Kingdom,22051,BLUE SCANDINAVIAN PAISLEY WRAP,0.24756322858973784
United Kingdom,82011C,BATHROOM SCALES FOOTPRINTS IN SAND,0.24735976362749415
United Kingdom,84507C,BLUE CIRCLES DESIGN MONKEY DOLL,0.24670851381727643
United Kingdom,90168,2 DAISIES HAIR COMB,0.2425489719171547
United Kingdom,22068,BLACK PIRATE TREASURE CHEST,0.2399794627506995
Australia,22726,ALARM CLOCK BAKELIKE GREEN,0.23797253879432415
Finland,84997C,CHILDRENS CUTLERY POLKADOT BLUE,0.23769416735971044
United Kingdom,22592,CARDHOLDER HOLLY WREATH METAL,0.23394176276387116
Germany,20984,12 PENCILS TALL TUBE POSY,0.23089171974522293
United Kingdom,22023,EMPIRE BIRTHDAY CARD,0.23076923076923078
United Kingdom,21723,ALPHABET HEARTS STICKER SHEET,0.22531733076259475
United Kingdom,23168,CLASSIC CAFE SUGAR DISPENSER,0.2228527566285522
United Kingdom,21804,check,0.2222222222222222
United Kingdom,21467,CHERRY CROCHET FOOD COVER,0.2209063084376059
United Kingdom,22953,BIRTHDAY PARTY CORDON BARRIER TAPE,0.2204781184390972
United Kingdom,22214,CANDLE PLATE LACE WHITE,0.22030542986425333
United Kingdom,23391,I LOVE LONDON MINI BACKPACK,0.21026749595469257
United Kingdom,20770,ABSTRACT CIRCLE JOURNAL,0.20290276483612324
United Kingdom,22354,RETROSPOT PADDED SEAT CUSHION,0.2
United Kingdom,72127,found box,0.2
United Kingdom,84673B,BLUE FLY SWAT,0.1966529799676496
Netherlands,22418,10 COLOUR SPACEBOY PEN,0.19327927994062033
United Kingdom,23168,CLASSIC SUGAR DISPENSER,0.1923822145596339
United Kingdom,23035,DRAWER KNOB CERAMIC IVORY,0.1921514300069926
United Kingdom,22030,SWALLOWS GREETING CARD,0.19047619047619047
United Kingdom,84687,BEACH HUT SHELF W 3 DRAWERS,0.18828132433692613
United Kingdom,72122,COFFEE SCENT PILLAR CANDLE,0.18819369853204443
France,20979,36 PENCILS TUBE RED RETROSPOT,0.18417489965139874
France,23204,CHARLOTTE BAG APPLES DESIGN,0.16997537912355218
United Kingdom,17136A,BLUE STONES ON WIRE FOR CANDLE,0.1679565815397197
EIRE,M,Manual,0.16666666666666666
United Kingdom,23028,DRAWER KNOB CRACKLE GLAZE BLUE,0.16666666666666666
France,M,Manual,0.16666666666666666
United Kingdom,21456,2 PICTURE BOOK EGGS EASTER CHICKS,0.16662537245785164
United Kingdom,22976,CIRCUS PARADE CHILDRENS EGG CUP,0.1644484698462529
United Kingdom,22788,BROCANTE COAT RACK,0.16331442943046914
Germany,23204,CHARLOTTE BAG APPLES DESIGN,0.1629352391805645
Austria,22077,6 RIBBONS RUSTIC CHARM,0.16279069767441862
United Kingdom,21539,RED RETROSPOT BUTTER DISH,0.16
Netherlands,22244,3 HOOK HANGER MAGIC GARDEN,0.1597026937500919
United Kingdom,21240,BLUE POLKADOT CUP,0.1595866498086167
United Kingdom,22438,BALLOON ART MAKE YOUR OWN FLOWERS,0.1571787483409414
United Kingdom,22501,PICNIC BASKET WICKER LARGE,0.15464646464646462
France,22320,BIRDS MOBILE VINTAGE DESIGN,0.15454545454545454
Germany,20975,12 PENCILS SMALL TUBE RED RETROSPOT,0.15345560871876665
United Kingdom,23293,SET OF 12 FAIRY CAKE BAKING CASES,0.15000000000000002
United Kingdom,48188,DOORMAT WELCOME PUPPIES,0.14867424242424243
Belgium,20979,36 PENCILS TUBE RED RETROSPOT,0.14451244675963776
United Kingdom,85114A,BLACK ENCHANTED FOREST PLACEMAT,0.14286314649702053
United Kingdom,20748,Found,0.14285714285714285
United Kingdom,22647,CERAMIC LOVE HEART MONEY BANK,0.14074074074074075
United Kingdom,22591,CARDHOLDER GINGHAM CHRISTMAS TREE,0.1398409714763099
United Kingdom,84993a,75 GREEN PETIT FOUR CASES,0.13875071469411093
EIRE,85048,15CM CHRISTMAS GLASS BALL 20 LIGHTS,0.13847084690138192
United Kingdom,84192,ASSORTED COLOUR METAL CAT,0.1379157725812817
United Kingdom,21884,CAKES AND BOWS GIFT  TAPE,0.13694981912378879
United Kingdom,22943,CHRISTMAS LIGHTS 10 VINTAGE BAUBLES,0.13245049504950496
United Kingdom,22301,COFFEE MUG CAT + BIRD DESIGN,0.1323630662020906
EIRE,22283,6 EGG HOUSE PAINTED WOOD,0.1306673817952135
United Kingdom,85206A,CREAM FELT EASTER EGG BASKET,0.13039215686274508
Germany,22418,10 COLOUR SPACEBOY PEN,0.12822697461729787
Singapore,M,Manual,0.125
United Kingdom,84559b,3D SHEET OF CAT STICKERS,0.12338111056538262
Spain,22150,3 STRIPEY MICE FELTCRAFT,0.12028301886792453
Belgium,22847,BREAD BIN DINER STYLE IVORY,0.12023809523809526
United Kingdom,22321,BIRD DECORATION RED RETROSPOT,0.11992996243997782
United Kingdom,72801C,4 ROSE PINK DINNER CANDLES,0.11732842964618335
United Kingdom,21714,CITRONELLA CANDLE GARDEN POT,0.11330632699015408
Germany,22726,ALARM CLOCK BAKELIKE GREEN,0.11311014734754359
Germany,22939,APRON APPLE DELIGHT,0.10577636451046668
United Kingdom,35598B,BLACK CHRISTMAS TREE 60CM,0.10109890109890111
United Kingdom,84993B,75 BLACK PETIT FOUR CASES,0.1
Italy,22847,BREAD BIN DINER STYLE IVORY,0.09982078853046594
United Kingdom,22304,COFFEE MUG BLUE PAISLEY DESIGN,0.09333804143126177
France,23353,6 GIFT TAGS VINTAGE CHRISTMAS,0.09123238070606493
Switzerland,POST,POSTAGE,0.09074074074074075
United Kingdom,23519,EMBROIDERED RIBBON REEL CLAIRE,0.08939393939393941
United Kingdom,21401,BLUE PUDDING SPOON,0.08820400359610592
France,23445,ICE CREAM BUBBLES,0.08771929824561403
United Kingdom,22502,PICNIC BASKET WICKER SMALL,0.08283208020050127
France,22951,60 CAKE CASES DOLLY GIRL DESIGN,0.08089565123181335
United Kingdom,90199C,5 STRAND GLASS NECKLACE CRYSTAL,0.07425522454424194
United Kingdom,22519,CHILDS GARDEN BRUSH PINK,0.07424242424242425
United Kingdom,82483,WOOD 2 DRAWER CABINET WHITE FINISH,0.07407407407407407
United Kingdom,23077,DOUGHNUT LIP GLOSS,0.07297640453971678
United Kingdom,21399,BLUE POLKADOT COFFEE MUG,0.06960377378733226
EIRE,22567,20 DOLLY PEGS RETROSPOT,0.06748503673258317
United Kingdom,22632,HAND WARMER RED POLKA DOT,0.0625
Spain,22077,6 RIBBONS RUSTIC CHARM,0.0596446593227451
Switzerland,20973,12 PENCIL SMALL TUBE WOODLAND,0.05642633228840126
United Kingdom,BANK CHARGES,Bank Charges,0.05555555555555555
Poland,22567,20 DOLLY PEGS RETROSPOT,0.05429172891484449
United Kingdom,22832,BROCANTE SHELF WITH HOOKS,0.052070317362636905
United Kingdom,84536A,ENGLISH ROSE NOTEBOOK A7 SIZE,0.047791562636014154
United Kingdom,22973,CHILDREN'S CIRCUS PARADE MUG,0.04632867132867133
Portugal,22567,20 DOLLY PEGS RETROSPOT,0.04608294930875576
United Kingdom,71477,COLOURED GLASS STAR T-LIGHT HOLDER,0.04452497665732959
United Kingdom,21232,STRAWBERRY CERAMIC TRINKET BOX,0.041666666666666685
EIRE,22077,6 RIBBONS RUSTIC CHARM,0.03906283485491402
France,21914,BLUE HARMONICA IN BOX,0.03655774418486282
United Kingdom,37447,CERAMIC CAKE DESIGN SPOTTED PLATE,0.036445344832781223
United Kingdom,21931,JUMBO STORAGE BAG SUKI,0.034555984555984576
United Kingdom,62018,SOMBRERO,0.03333333333333334
Germany,23354,6 GIFT TAGS 50'S CHRISTMAS,0.03087606837606837
EIRE,20983,12 PENCILS TALL TUBE RED RETROSPOT,0.028603246332820114
United Kingdom,22589,CARDHOLDER GINGHAM STAR,0.02564102564102564
United Kingdom,21212,PACK OF 72 RETROSPOT CAKE CASES,0.023255813953488372
France,22622,BOX OF VINTAGE ALPHABET BLOCKS,0.022232684662063185
Spain,POST,POSTAGE,0.020680272108843527
Netherlands,23382,BOX OF 6 CHRISTMAS CAKE DECORATIONS,0.016225165562913906
Norway,21914,BLUE HARMONICA IN BOX,0.015873015873015872
France,21188,3D HEARTS  HONEYCOMB PAPER GARLAND,0.012618296529968454
France,20974,12 PENCILS SMALL TUBE SKULL,0.009540380342394498
United Kingdom,21802,CHRISTMAS TREE HEART DECORATION,0.009345794392523364
United Kingdom,23297,SET 40 HEART SHAPE PETIT FOUR CASES,0.008626155168708386
United Kingdom,84723,CHERRY BLOSSOM CANVAS ART PICTURE,0.003257328990228013
Germany,22138,BAKING SET 9 PIECE RETROSPOT,0.0026530924611068095
United Kingdom,23126,FELTCRAFT GIRL AMELIE KIT,0.001574939425406698
United Kingdom,82486,WOOD S/3 CABINET ANT WHITE FINISH,0.0
United Kingdom,79030D,TUMBLER BAROQUE,0.0
United Kingdom,85034A,check,0.0
United Kingdom,85049B,Amazon,0.0
United Kingdom,S,SAMPLES,0.0
United Kingdom,44092C,PURPLE/COPPER HANGING LAMPSHADE,0.0
Australia,22090,PAPER BUNTING RETROSPOT,0.0
United Kingdom,22937,BAKING MOULD CHOCOLATE CUP CAKES,0.0
United Kingdom,22710,WRAP I LOVE LONDON,0.0
Cyprus,15056N,EDWARDIAN PARASOL NATURAL,0.0
Hong Kong,M,Manual,0.0
Finland,84997D,CHILDRENS CUTLERY POLKADOT PINK,0.0
Norway,POST,POSTAGE,0.0
United Kingdom,21671,RED SPOT CERAMIC DRAWER KNOB,0.0
Spain,22838,3 TIER CAKE TIN RED AND CREAM,0.0
United Kingdom,22055,MINI CAKE STAND  HANGING STRAWBERY,0.0
Portugal,M,Manual,0.0
United Kingdom,22803,IVORY EMBROIDERED QUILT,0.0
United Kingdom,22483,RED GINGHAM TEDDY BEAR,0.0
United Kingdom,22840,ROUND CAKE TIN VINTAGE RED,0.0
United Kingdom,20713,Found,0.0
United Kingdom,22946,WOODEN ADVENT CALENDAR CREAM,0.0
United Kingdom,22311,OFFICE MUG WARMER BLACK+SILVER,0.0
United Kingdom,22198,LARGE POPCORN HOLDER,0.0
France,23318,BOX OF 6 MINI VINTAGE CRACKERS,0.0
United Kingdom,17091A,found,0.0
France,22661,CHARLOTTE BAG DOLLY GIRL DESIGN,0.0
United Kingdom,23144,ZINC T-LIGHT HOLDER STARS SMALL,0.0
Australia,22325,MOBILE VINTAGE HEARTS,0.0
France,22090,PAPER BUNTING RETROSPOT,-0.006097560975609756
EIRE,21448,12 DAISY PEGS IN WOOD BOX,-0.007283169327523191
United Kingdom,21403,BLUE EGG  SPOON,-0.009546200594601428
United Kingdom,22247,BUNNY DECORATION MAGIC GARDEN,-0.00980392156862745
Switzerland,23199,JUMBO BAG APPLES,-0.009900990099009901
United Kingdom,84051,ASS COLOUR GLOWING TIARAS,-0.013224215398128458
EIRE,84991,60 TEATIME FAIRY CAKE CASES,-0.02488462544520986
Channel Islands,C2,CARRIAGE,-0.025
United Kingdom,23006,TRAVEL CARD WALLET FLOWER MEADOW,-0.027777777777777776
Germany,22150,3 STRIPEY MICE FELTCRAFT,-0.02942415677463271
Italy,23176,ABC TREASURE BOOK BOX,-0.033041520185657536
United Kingdom,17084R,ASSORTED INCENSE PACK,-0.03392107425352575
Spain,22964,3 PIECE SPACEBOY COOKIE CUTTER SET,-0.03492063492063492
Portugal,22113,GREY HEART HOT WATER BOTTLE,-0.03614457831325301
Germany,22956,36 FOIL HEART CAKE CASES,-0.038740125393791104
United Kingdom,82011B,BATHROOM SCALES RUBBER DUCKS,-0.03931159420289851
United Kingdom,22059,CERAMIC STRAWBERRY DESIGN MUG,-0.042805623085335816
United Kingdom,21181,PLEASE ONE PERSON METAL SIGN,-0.04416666666666667
Denmark,23319,BOX OF 6 MINI 50'S CRACKERS,-0.04564315352697095
France,21137,BLACK RECORD COVER FRAME,-0.04759213387129922
United Kingdom,22940,FELTCRAFT CHRISTMAS FAIRY,-0.052685772453214263
United Kingdom,85131A,BEADED PEARL HEART WHITE ON STICK,-0.05293220046142144
United Kingdom,23306,SET OF 36 DOILIES PANTRY DESIGN,-0.05555555555555555
United Kingdom,20679,EDWARDIAN PARASOL RED,-0.05555555555555555
EIRE,22282,12 EGG HOUSE PAINTED WOOD,-0.05569731022435284
United Kingdom,23444,Next Day Carriage,-0.05733893352747101
United Kingdom,23542,70'S ALPHABET WALL ART,-0.061269875299101995
United Kingdom,22048,BIRTHDAY BANQUET GIFT WRAP,-0.0642921645736619
France,21700,BIG DOUGHNUT FRIDGE MAGNETS,-0.06484285521338302
Norway,22567,20 DOLLY PEGS RETROSPOT,-0.06587473002159827
United Kingdom,85215,ASSORTED CHEESE FRIDGE MAGNETS,-0.06666666666666667
United Kingdom,22856,ASSORTED EASTER DECORATIONS  BELLS,-0.06940707669899955
Australia,22138,BAKING SET 9 PIECE RETROSPOT,-0.07142857142857142
Spain,22955,36 FOIL STAR CAKE CASES,-0.07291666666666667
United Kingdom,21810,CHRISTMAS HANGING STAR WITH BELL,-0.07662712106568006
United Kingdom,22053,EMPIRE DESIGN ROSETTE,-0.078330208427457
France,22933,BAKING MOULD EASTER EGG MILK CHOC,-0.08
United Kingdom,22038,BOTANICAL LAVENDER GIFT WRAP,-0.08169201288172352
United Kingdom,23489,"GARLAND, VINTAGE BELLS",-0.08333333333333334
United Kingdom,22628,PICNIC BOXES SET OF 3 RETROSPOT,-0.08333333333333334
United Kingdom,22852,DOG BOWL VINTAGE CREAM,-0.08611111111111108
United Kingdom,46138B,BLUE CHENILLE SHAGGY CUSHION COVER,-0.08786854032333427
United Kingdom,22740,POLKADOT PEN,-0.09166666666666667
Poland,22171,3 HOOK PHOTO SHELF ANTIQUE WHITE,-0.09375
Denmark,22374,AIRLINE BAG VINTAGE JET SET RED,-0.09821428571428571
EIRE,84992,72 SWEETHEART FAIRY CAKE CASES,-0.0986262170454935
Belgium,22374,AIRLINE BAG VINTAGE JET SET RED,-0.10217652717652717
United Kingdom,84563B,BLUE & WHITE BREAKFAST TRAY,-0.10223063973063974
France,22725,ALARM CLOCK BAKELIKE CHOCOLATE,-0.10786127818791928
United Kingdom,90161C,ANT COPPER LIME BOUDICCA BRACELET,-0.11060103018549884
EIRE,23253,16 PIECE CUTLERY SET PANTRY DESIGN,-0.11190470006666145
United Kingdom,17096,ASSORTED LAQUERED INCENSE HOLDERS,-0.11374274052977076
United Kingdom,21618,4 WILDFLOWER BOTANICAL CANDLES,-0.11461289113054418
United Kingdom,20828,GLITTER BUTTERFLY CLIPS,-0.11666666666666667
United Kingdom,23209,LUNCH BAG DOILEY PATTERN,-0.11683615819209042
United Kingdom,21463,MIRRORED DISCO BALL,-0.11772486772486773
United Kingdom,22040,BOTANICAL ROSE GIFT WRAP,-0.12171743697478993
United Kingdom,21258,VICTORIAN SEWING BOX LARGE,-0.125
EIRE,22906,12 MESSAGE CARDS WITH ENVELOPES,-0.12605664878580192
France,20973,12 PENCIL SMALL TUBE WOODLAND,-0.1272598931348631
United Kingdom,22057,CERAMIC PLATE STRAWBERRY DESIGN,-0.12959810874704494
Channel Islands,22436,12 COLOURED PARTY BALLOONS,-0.138996138996139
United Kingdom,84568,GIRLS ALPHABET IRON ON PATCHES,-0.13958333333333334
Germany,22727,ALARM CLOCK BAKELIKE RED,-0.1411042944785276
United Kingdom,20954,*USB Office Mirror Ball,-0.14427480916030536
United Kingdom,22603,CHRISTMAS RETROSPOT TREE WOOD,-0.14439539860888176
United Kingdom,22857,ASSORTED EASTER GIFT TAGS,-0.14686796448846604
United Kingdom,21634,ASSORTED MINI MADRAS NOTEBOOK,-0.15238683569689157
United Kingdom,84508C,BLUE CIRCLES DESIGN TEDDY,-0.15806174957118352
Portugal,23176,ABC TREASURE BOOK BOX,-0.16364292155094678
United Kingdom,20840,FRENCH FLORAL CUSHION COVER,-0.16455696202531644
United Kingdom,72131,COLUMBIAN CANDLE RECTANGLE,-0.1664367816091954
United Kingdom,22791,T-LIGHT GLASS FLUTED ANTIQUE,-0.16666666666666666
United Kingdom,23094,LE GRAND TRAY CHIC SET,-0.16666666666666666
United Kingdom,22600,CHRISTMAS RETROSPOT STAR WOOD,-0.17028035204289793
Germany,85014A,BLACK/BLUE POLKADOT UMBRELLA,-0.1797752808988764
United Kingdom,72802A,Had been put aside.,-0.18181818181818182
Channel Islands,22951,60 CAKE CASES DOLLY GIRL DESIGN,-0.1840228245363766
United Kingdom,23068,ALUMINIUM HEART,-0.19311581835716957
Finland,23077,DOUGHNUT LIP GLOSS,-0.19330855018587362
United Kingdom,22536,MAGIC DRAWING SLATE PURDEY,-0.19382212495025866
France,22374,AIRLINE BAG VINTAGE JET SET RED,-0.195625
United Kingdom,72127,COLUMBIAN CANDLE ROUND,-0.2
United Kingdom,23503,PLAYING CARDS KEEP CALM & CARRY ON,-0.2
Germany,22242,5 HOOK HANGER MAGIC TOADSTOOL,-0.20230263157894737
United Kingdom,21468,BUTTERFLY CROCHET FOOD COVER,-0.20277149321266968
United Kingdom,23188,VINTAGE  2 METER FOLDING RULER,-0.20760869565217388
United Kingdom,20754,Found,-0.20833333333333334
United Kingdom,21556,CERAMIC STRAWBERRY MONEY BOX,-0.22137404580152673
United Kingdom,22817,CARD SUKI BIRTHDAY,-0.2247191011235955
United Kingdom,47469,ASSORTED SHAPES PHOTO CLIP SILVER,-0.22797563261480785
France,22215,CAKE STAND WHITE TWO TIER LACE,-0.23000683526999316
United Kingdom,22069,BROWN  PIRATE TREASURE CHEST,-0.23065797379890302
EIRE,22171,3 HOOK PHOTO SHELF ANTIQUE WHITE,-0.23728813559322035
United Kingdom,21154,RED RETROSPOT OVEN GLOVE,-0.23809523809523808
United Kingdom,20866,BLUE ROSE FABRIC MIRROR,-0.24228099584146348
EIRE,22728,ALARM CLOCK BAKELIKE PINK,-0.24892703862660945
United Kingdom,23345,DOLLY GIRL BEAKER,-0.24981995217929884
United Kingdom,22180,RETROSPOT LAMP,-0.25
United Kingdom,22734,SET OF 6 RIBBONS VINTAGE CHRISTMAS,-0.25
United Kingdom,22656,VINTAGE BLUE KITCHEN CABINET,-0.25
United Kingdom,22666,RECIPE BOX PANTRY YELLOW DESIGN,-0.2515262515262515
United Kingdom,21056,DOCTOR'S BAG SOFT TOY,-0.25217391304347825
United Kingdom,23191,BUNDLE OF 3 RETRO EXERCISE BOOKS,-0.25396825396825395
Denmark,22567,20 DOLLY PEGS RETROSPOT,-0.2555066079295154
United Kingdom,22149,check,-0.2608695652173913
France,23124,18PC WOODEN CUTLERY SET DISPOSABLE,-0.2621082621082621
United Kingdom,23175,REGENCY MILK JUG PINK,-0.2653927813163482
Hong Kong,22418,10 COLOUR SPACEBOY PEN,-0.26639344262295084
United Kingdom,15030,FAN BLACK FRAME,-0.26666666666666666
United Kingdom,22228,BUNNY WOODEN PAINTED WITH BIRD,-0.26844517711390775
Germany,22951,60 CAKE CASES DOLLY GIRL DESIGN,-0.2698019801980198
United Kingdom,22421,LIPSTICK PEN FUSCHIA,-0.27703389830508474
France,84279P,CHERRY BLOSSOM  DECORATIVE FLASK,-0.2773722627737226
United Kingdom,23110,PARISIENNE KEY CABINET,-0.2777067089018843
United Kingdom,22479,DAISY GARDEN MARKER,-0.2777777777777778
France,22949,36 DOILIES DOLLY GIRL,-0.28227963953815827
United Kingdom,22507,MEMO BOARD RETROSPOT  DESIGN,-0.2857142857142857
United Kingdom,22978,PANTRY ROLLING PIN,-0.28918169209431344
Belgium,22965,3 TRADITIONAl BISCUIT CUTTERS  SET,-0.29776745033716057
United Kingdom,21648,ASSORTED TUTTI FRUTTI SMALL PURSE,-0.3
United Kingdom,22936,BAKING MOULD ROSE WHITE CHOCOLATE,-0.30303030303030304
Germany,84997C,CHILDRENS CUTLERY POLKADOT BLUE,-0.30917874396135264
United Kingdom,20985,HEART CALCULATOR,-0.3191666666666667
EIRE,20979,36 PENCILS TUBE RED RETROSPOT,-0.32123877958424807
Switzerland,20977,36 PENCILS TUBE WOODLAND,-0.32857142857142857
United Kingdom,21823,PAINTED METAL HEART WITH HOLLY BELL,-0.3287037037037037
United Kingdom,22957,SET 3 PAPER VINTAGE CHICK PAPER EGG,-0.3333333333333333
United Kingdom,22734,amazon sales,-0.3333333333333333
United Kingdom,37489B,BLUE/YELLOW FLOWER DESIGN BIG MUG,-0.3333333333333333
United Kingdom,23196,RETO LEAVES MAGNETIC SHOPPING LIST,-0.3333333333333333
United Kingdom,22992,REVOLVER WOODEN RULER,-0.3333333333333333
United Kingdom,22219,LOVEBIRD HANGING DECORATION WHITE,-0.3333333333333333
United Kingdom,23435,3 RAFFIA RIBBONS VINTAGE CHRISTMAS,-0.33396222251643937
Switzerland,22243,5 HOOK HANGER RED MAGIC TOADSTOOL,-0.33597036089761156
Netherlands,22964,3 PIECE SPACEBOY COOKIE CUTTER SET,-0.34587191579535004
United Kingdom,21441,BLUE BIRDHOUSE DECORATION,-0.3488372093023256
Germany,23434,3 RAFFIA RIBBONS 50'S CHRISTMAS,-0.349595421195434
United Kingdom,22673,FRENCH GARDEN SIGN BLUE METAL,-0.3498759305210918
United Kingdom,22199,FRYING PAN RED RETROSPOT,-0.35
EIRE,23434,3 RAFFIA RIBBONS 50'S CHRISTMAS,-0.3539272699464018
Germany,20983,12 PENCILS TALL TUBE RED RETROSPOT,-0.3546525292452326
United Kingdom,21509,COWBOYS AND INDIANS BIRTHDAY CARD,-0.36538461538461536
EIRE,22961,JAM MAKING SET PRINTED,-0.375
Belgium,22661,CHARLOTTE BAG DOLLY GIRL DESIGN,-0.3759608008891811
United Kingdom,21270,ANTIQUE CREAM CUTLERY CUPBOARD,-0.3774578272421414
United Kingdom,85132A,CHARLIE + LOLA BISCUITS TINS,-0.3778694185999269
France,22729,ALARM CLOCK BAKELIKE ORANGE,-0.38153846153846155
United Kingdom,72801D,4 SKY BLUE DINNER CANDLES,-0.38768867242127597
United Kingdom,22033,BOTANICAL ROSE GREETING CARD,-0.38961038961038963
United Kingdom,84279P,found,-0.391304347826087
United Kingdom,22517,CHILDS GARDEN RAKE PINK,-0.3958333333333333
United Kingdom,23014,GLASS APOTHECARY BOTTLE ELIXIR,-0.39762544802867383
Germany,21395,BLUE POLKADOT BEAKER,-0.3979591836734694
France,23206,LUNCH BAG APPLE DESIGN,-0.4056603773584906
United Kingdom,85071C,"CHARLIE+LOLA""EXTREMELY BUSY"" SIGN",-0.4140127388535032
Germany,23375,50'S CHRISTMAS PAPER GIFT BAG,-0.4143222506393862
United Kingdom,84789,ENCHANTED BIRD PLANT CAGE,-0.4146341463414634
Germany,16011,ANIMAL STICKERS,-0.42153846153846153
EIRE,22150,3 STRIPEY MICE FELTCRAFT,-0.42256668063119673
Belgium,23176,ABC TREASURE BOOK BOX,-0.42727272727272725
United Kingdom,21174,POTTERING IN THE SHED METAL SIGN,-0.42857142857142855
EIRE,20982,12 PENCILS TALL TUBE SKULLS,-0.44014510278113667
EIRE,22964,3 PIECE SPACEBOY COOKIE CUTTER SET,-0.4413991369203522
United Kingdom,21528,DAIRY MAID TRADITIONAL TEAPOT,-0.4423194199756064
Unspecified,20983,12 PENCILS TALL TUBE RED RETROSPOT,-0.4427645788336933
Italy,22939,ADULT APRON APPLE DELIGHT,-0.44529750479846447
United Kingdom,22297,HEART IVORY TRELLIS SMALL,-0.45
United Kingdom,23681,LUNCH BAG RED VINTAGE DOILY,-0.45
Channel Islands,22150,3 STRIPEY MICE FELTCRAFT,-0.45047852133255406
United Kingdom,22482,BLUE TEA TOWEL CLASSIC DESIGN,-0.45527447089947093
Belgium,22620,4 TRADITIONAL SPINNING TOPS,-0.4574898785425101
United Kingdom,21845,DAIRY MAID STRIPE MUG,-0.4594748858447489
Germany,22377,BOTTLE BAG RETROSPOT,-0.4642857142857143
United Kingdom,23235,BISCUIT TIN VINTAGE LEAF,-0.46488095238095234
United Kingdom,22318,FIVE HEART HANGING DECORATION,-0.46788990825688076
United Kingdom,22287,"DECORATION , WOBBLY CHICKEN, METAL ",-0.46788990825688076
Norway,21756,BATH BUILDING BLOCK WORD,-0.46938775510204084
United Kingdom,21736,GOLD SCROLL GLASS T-LIGHT HOLDER,-0.47058823529411764
Australia,22580,ADVENT CALENDAR GINGHAM SACK,-0.47785547785547783
United Kingdom,85198,ASSORTED FARMYARD ANIMALS IN BUCKET,-0.48485861964122834
Germany,85183B,CHARLIE & LOLA WASTEPAPER BIN FLORA,-0.4887640449438202
United Kingdom,22502,PICNIC BASKET WICKER 60 PIECES,-0.49166666666666664
EIRE,23176,ABC TREASURE BOOK BOX,-0.49902152641878667
EIRE,21447,12 IVORY ROSE PEG PLACE SETTINGS,-0.4994675186368477
United Kingdom,23525,WALL ART BUFFALO BILL,-0.5
United Kingdom,22962,JAM JAR WITH PINK LID,-0.5
Sweden,POST,POSTAGE,-0.5
United Kingdom,23084,add stock to allocate online orders,-0.5
United Kingdom,23084,for online retail orders,-0.5
United Kingdom,20713,found,-0.5
United Kingdom,23197,VEGETABLE MAGNETIC  SHOPPING LIST,-0.5
United Kingdom,22848,AMAZON,-0.5
United Kingdom,23553,LANDMARK FRAME CAMDEN TOWN,-0.5
United Kingdom,21790,VINTAGE SNAP CARDS,-0.5
United Kingdom,21890,S/6 WOODEN SKITTLES IN COTTON BAG,-0.5
United Kingdom,21621,rcvd be air temp fix for dotcom sit,-0.5
United Kingdom,23128,FELTCRAFT BOY JEAN-PAUL KIT,-0.5026041666666666
United Kingdom,22088,PAPER BUNTING COLOURED LACE,-0.5053571428571428
United Kingdom,21379,CAMPHOR WOOD PORTOBELLO MUSHROOM,-0.5098245614035087
United Kingdom,20615,BLUE POLKADOT PASSPORT COVER,-0.5135135135135135
EIRE,21270,ANTIQUE CREAM CUTLERY CUPBOARD,-0.5221476510067115
United Kingdom,23332,IVORY WICKER HEART LARGE,-0.5227272727272727
France,22630,DOLLY GIRL LUNCH BOX,-0.5233884297520661
United Kingdom,47503A,check,-0.5261717001274149
Germany,22937,BAKING MOULD CHOCOLATE CUPCAKES,-0.53
Spain,23247,BISCUIT TIN 50'S CHRISTMAS,-0.5301204819277109
United Kingdom,37482P,CUBIC MUG PINK POLKADOT,-0.53125
Switzerland,22725,ALARM CLOCK BAKELIKE CHOCOLATE,-0.5331125827814569
United Kingdom,23280,FOLDING BUTTERFLY MIRROR HOT PINK,-0.5357142857142857
United Kingdom,23697,A PRETTY THANK YOU CARD,-0.5379796647664425
United Kingdom,22157,ANGEL DECORATION WITH LACE PADDED,-0.5395403287461774
Germany,22467,GUMBALL COAT RACK,-0.5459770114942529
United Kingdom,20668,DISCO BALL CHRISTMAS DECORATION,-0.55
United Kingdom,22778,GLASS CLOCHE SMALL,-0.5574712643678161
United Kingdom,85230B,CINNAMON SCENTED VOTIVE CANDLE,-0.5643564356435643
France,22915,ASSORTED BOTTLE TOP  MAGNETS,-0.5683646112600537
United Kingdom,37495,FAIRY CAKE BIRTHDAY CANDLE SET,-0.58
France,21240,BLUE POLKADOT CUP,-0.5810055865921788
United Kingdom,20733,GOLD MINI TAPE MEASURE,-0.5813492063492064
United Kingdom,22296,HEART IVORY TRELLIS LARGE,-0.5862068965517241
United Kingdom,47504K,ENGLISH ROSE GARDEN SECATEURS,-0.5890338020908262
United Kingdom,20725,LUNCH BAG RED RETROSPOT,-0.5955284552845529
United Kingdom,22776,SWEETHEART CAKESTAND 3 TIER,-0.6
United Kingdom,23252,VINTAGE RED ENAMEL TRIM JUG,-0.6
United Kingdom,20780,BLACK EAR MUFF HEADPHONES,-0.6
United Kingdom,23236,DOILEY BISCUIT TIN,-0.6042134451311771
United Kingdom,22173,METAL 4 HOOK HANGER FRENCH CHATEAU,-0.6046296296296296
France,23354,6 GIFT TAGS 50'S CHRISTMAS,-0.605
France,20975,12 PENCILS SMALL TUBE RED RETROSPOT,-0.6058394160583942
Netherlands,22150,3 STRIPEY MICE FELTCRAFT,-0.6063460585027268
United Kingdom,21172,PARTY METAL SIGN,-0.6075
United Kingdom,22384,LUNCH BAG PINK POLKADOT,-0.6114864864864865
Germany,84991,60 TEATIME FAIRY CAKE CASES,-0.6156583629893239
United Kingdom,21907,I'M ON HOLIDAY METAL SIGN,-0.6169623059866962
Italy,22138,BAKING SET 9 PIECE RETROSPOT,-0.6175298804780877
United Kingdom,22501,Found,-0.625
United Kingdom,44235,ASSORTED COLOURED CIRCLE MOBILE,-0.6263736263736264
Switzerland,22915,ASSORTED BOTTLE TOP  MAGNETS,-0.628992628992629
United Kingdom,90200B,BLACK SWEETHEART BRACELET,-0.6305732484076433
United Kingdom,21204,DAISIES  HONEYCOMB GARLAND,-0.631578947368421
United Kingdom,85099F,JUMBO BAG STRAWBERRY,-0.6396671582051823
United Kingdom,37468,HARDMAN MUG 3 ASSORTED,-0.6417910447761194
France,84997C,CHILDRENS CUTLERY POLKADOT BLUE,-0.644248937175248
United Kingdom,22066,LOVE HEART TRINKET POT,-0.6571428571428571
United Kingdom,21110,LARGE CAKE TOWEL PINK SPOTS,-0.6666666666666666
United Kingdom,22902,TOTE BAG I LOVE LONDON,-0.6666666666666666
United Kingdom,21739,COSY SLIPPER SHOES SMALL GREEN,-0.6670203735144312
United Kingdom,21677,HEARTS  STICKERS,-0.6695652173913044
United Kingdom,22665,RECIPE BOX BLUE SKETCHBOOK DESIGN,-0.6755050505050505
United Kingdom,21715,GIRLS VINTAGE TIN SEASIDE BUCKET,-0.6817136725935009
United Kingdom,82616B,FRAPPUCINO SCARF KNITTING KIT,-0.6823529411764706
United Kingdom,23024,LARGE BONNE JAM JAR  T-LIGHT HOLDER,-0.6842105263157895
Netherlands,22956,36 FOIL HEART CAKE CASES,-0.6850813654435561
United Kingdom,84804B,BLUE DELPHINIUM ARTIFICIAL FLOWER,-0.6908212560386473
Norway,22371,AIRLINE BAG VINTAGE TOKYO 78,-0.691743119266055
United Kingdom,22111,SCOTTIE DOG HOT WATER BOTTLE,-0.6948529411764706
United Kingdom,23178,JAM CLOCK MAGNET,-0.696969696969697
United Kingdom,23133,LARGE IVORY HEART WALL ORGANISER,-0.7
United Kingdom,22174,PHOTO CUBE,-0.7
Germany,22236,CAKE STAND 3 TIER MAGIC GARDEN,-0.7056885569953877
Germany,23395,BELLE JARDINIERE CUSHION COVER,-0.7062146892655368
United Kingdom,20984,found,-0.7115384615384616
United Kingdom,22223,CAKE PLATE LOVEBIRD PINK,-0.7150259067357513
United Kingdom,90179C,BLACK FINE BEAD NECKLACE W TASSEL,-0.7163865546218487
United Kingdom,21289,LARGE STRIPES CHOCOLATE GIFT BAG,-0.7243589743589743
United Kingdom,79337,BLUE FLOCK GLASS CANDLEHOLDER,-0.7277777777777777
United Kingdom,22139,amazon,-0.7321428571428571
United Kingdom,22128,PARTY CONES CANDY ASSORTED,-0.7333333333333333
United Kingdom,22734,FOUND,-0.7333333333333333
France,21326,AGED GLASS SILVER T-LIGHT HOLDER,-0.7335907335907336
France,22356,CHARLOTTE BAG PINK POLKADOT,-0.7342995169082126
United Kingdom,22740,adjustment,-0.7351190476190477
United Kingdom,23193,BUFFALO BILL TREASURE BOOK BOX,-0.7366666666666667
United Kingdom,23240,SET OF 4 KNICK KNACK TINS DOILEY,-0.7395833333333333
United Kingdom,23702,High Resolution Image,-0.74
United Kingdom,23511,EMBROIDERED RIBBON REEL EMILY,-0.7439516129032258
United Kingdom,22525,CHILDRENS GARDEN GLOVES PINK,-0.7445652173913043
United Kingdom,22965,3 TRADITIONAL COOKIE CUTTERS  SET,-0.75
United Kingdom,21878,PACK OF 6 SANDCASTLE FLAGS ASSORTED,-0.75
United Kingdom,22795,SWEETHEART RECIPE BOOK STAND,-0.75
United Kingdom,22062,CERAMIC BOWL WITH LOVE HEART DESIGN,-0.7555555555555555
United Kingdom,22952,72 CAKE CASES VINTAGE CHRISTMAS,-0.7563451776649747
United Kingdom,82494L,WOODEN FRAME ANTIQUE WHITE,-0.7645958083832336
France,20675,BLUE POLKADOT BOWL,-0.7692307692307693
United Kingdom,84968C,SET OF 16 VINTAGE PISTACHIO CUTLERY,-0.7727272727272727
United Kingdom,22837,Found,-0.7758620689655172
United Kingdom,23127,DOLLCRAFT GIRL NICOLE,-0.7777777777777778
United Kingdom,84462,3 PINK HEN+CHICKS IN BASKET,-0.7785234899328859
United Kingdom,22494,EMERGENCY FIRST AID TIN,-0.7821428571428571
United Kingdom,21098,had been put aside,-0.7857142857142857
United Kingdom,23103,JINGLE BELL HEART DECORATION,-0.7865168539325843
EIRE,22839,3 TIER CAKE TIN GREEN AND CREAM,-0.787389643848974
United Kingdom,20704,MR ROBOT SOFT TOY,-0.7916666666666666
United Kingdom,85160B,BLACK BIRD GARDEN DESIGN MUG,-0.7975460122699386
United Kingdom,21349,check,-0.8
United Kingdom,90143,SILVER BRACELET W PASTEL FLOWER,-0.8
United Kingdom,84817,DANISH ROSE DECORATIVE PLATE,-0.8018867924528302
United Kingdom,20711,JUMBO BAG TOYS,-0.8112094395280236
United Kingdom,47503H,found,-0.8130311614730878
United Kingdom,22117,check,-0.816
United Kingdom,23075,DOUBLE CERAMIC PARLOUR HOOK,-0.8196286472148541
Germany,22564,ALPHABET STENCIL CRAFT,-0.8214285714285714
United Kingdom,21915,John Lewis,-0.8226950354609929
United Kingdom,22759,check,-0.8229166666666666
United Kingdom,23521,CAT AND BIRD WALL ART,-0.8237367802585194
United Kingdom,85169B,BLACK LOVE BIRD CANDLE,-0.8290441176470589
United Kingdom,22270,HAPPY EASTER HANGING DECORATION,-0.8316326530612245
United Kingdom,22585,PACK OF 6 BIRDY GIFT TAGS,-0.8333333333333334
United Kingdom,23229,VINTAGE DONKEY TAIL GAME,-0.8333333333333334
United Kingdom,23236,STORAGE TIN VINTAGE DOILY,-0.8333333333333334
United Kingdom,85185B,PINK HORSE SOCK PUPPET,-0.8333333333333334
Germany,22899,CHILDREN'S APRON DOLLY GIRL,-0.8385650224215246
United Kingdom,21644,check,-0.8402366863905325
Germany,47599B,BLUE PARTY BAGS,-0.8418803418803419
Germany,23552,BICYCLE PUNCTURE REPAIR KIT,-0.8446601941747572
United Kingdom,21811,HANGING HEART WITH BELL,-0.8484848484848485
United Kingdom,21794,adjustment,-0.8484848484848485
United Kingdom,17129F,BLUE GLASS GEMS IN BAG,-0.8543478260869565
United Kingdom,35968,check,-0.8571428571428571
United Kingdom,21539,check,-0.8620689655172413
United Kingdom,23556,LANDMARK FRAME COVENT GARDEN,-0.8686440677966102
Hong Kong,22620,4 TRADITIONAL SPINNING TOPS,-0.8697591436217663
United Kingdom,10080,check,-0.8705882352941177
United Kingdom,22944,CHRISTMAS METAL POSTCARD WITH BELLS,-0.87125
Finland,20979,36 PENCILS TUBE RED RETROSPOT,-0.8719560094265515
United Kingdom,22792,FLUTED ANTIQUE CANDLE HOLDER,-0.872093023255814
United Kingdom,23457,LARGE PARLOUR PICTURE FRAME,-0.8725490196078431
United Kingdom,17084P,DRAGONS BLOOD INCENSE,-0.8741450068399452
United Kingdom,23015,CORDIAL JUG,-0.875
United Kingdom,21700,check,-0.8796296296296297
United Kingdom,85084,HOLLY TOP CHRISTMAS STOCKING,-0.88
United Kingdom,85124C,GREEN JUICY FRUIT PHOTO FRAME,-0.8813559322033898
United Kingdom,22745,POPPY'S PLAYHOUSE BEDROOM,-0.8818181818181818
United Kingdom,23393,HOME SWEET HOME CUSHION COVER,-0.8846153846153846
United Kingdom,85135B,check,-0.8846153846153846
United Kingdom,72351B,SET/6 PINK  BUTTERFLY T-LIGHTS,-0.8846153846153846
United Kingdom,21781,MA CAMPAGNE CUTLERY BOX,-0.8888888888888888
United Kingdom,23092,LARGE ANTIQUE WHITE PHOTO FRAME,-0.8888888888888888
United Kingdom,22689,DOORMAT MERRY CHRISTMAS RED,-0.8947368421052632
United Kingdom,23118,dotcom adjust,-0.8958333333333334
United Kingdom,23173,REGENCY TEAPOT ROSES,-0.9
Germany,22221,CAKE STAND LOVEBIRD 2 TIER PINK,-0.9022988505747126
United Kingdom,84050,check,-0.9027777777777778
United Kingdom,85129D,BEADED CRYSTAL HEART PINK SMALL,-0.9033065658951347
United Kingdom,20665,dotcom,-0.9045454545454545
United Kingdom,21519,GIN & TONIC DIET GREETING CARD,-0.9090909090909091
United Kingdom,23084,allocate stock for dotcom orders ta,-0.9166666666666666
United Kingdom,85019C,CURIOUS  IMAGES NOTEBOOK SET,-0.9183673469387755
EIRE,82486,3 DRAWER ANTIQUE WHITE WOOD CABINET,-0.9195046439628483
United Kingdom,21578,found,-0.92
United Kingdom,22171,?,-0.9223194748358862
United Kingdom,85017C,adjustment,-0.9230769230769231
United Kingdom,23194,GYMKHANA TREASURE BOOK BOX,-0.93
United Kingdom,21823,amazon adjust,-0.9310344827586207
United Kingdom,21631,HIPPY CHIC DECORATIVE PARASOL,-0.9312714776632303
United Kingdom,21792,CLASSIC FRENCH STYLE BASKET GREEN,-0.93191650443435
United Kingdom,23256,CHILDRENS CUTLERY SPACEBOY,-0.9354838709677419
United Kingdom,23343,JUMBO BAG VINTAGE CHRISTMAS,-0.9354838709677419
Australia,22620,4 TRADITIONAL SPINNING TOPS,-0.9369369369369369
United Kingdom,22605,WOODEN CROQUET GARDEN SET,-0.9375
United Kingdom,85019B,check,-0.9385245901639344
United Kingdom,23224,CHERUB HEART DECORATION GOLD,-0.9403669724770642
United Kingdom,16016,LARGE CHINESE STYLE SCISSOR,-0.9411764705882353
United Kingdom,84375,SET OF 20 KIDS COOKIE CUTTERS,-0.9428571428571428
United Kingdom,23568,EGG CUP HENRIETTA HEN CREAM,-0.9444444444444444
United Kingdom,22307,GOLD MUG BONE CHINA TREE OF LIFE,-0.9444444444444444
United Kingdom,21829,adjustment,-0.95
United Kingdom,22121,had been put aside,-0.9512195121951219
United Kingdom,23322,LARGE WHITE HEART OF WICKER,-0.9545454545454546
United Kingdom,20767,BLUE PAISLEY JOURNAL,-0.9550561797752809
United Kingdom,23235,STORAGE TIN VINTAGE LEAF,-0.9583333333333334
United Kingdom,23320,GIANT 50'S CHRISTMAS CRACKER,-0.9594594594594594
United Kingdom,85141,JARDIN ETCHED GLASS FRUITBOWL,-0.9595959595959596
United Kingdom,22221,CAKE STAND LOVEBIRD 2 TIER PINK,-0.9625
United Kingdom,35819B,check,-0.9625779625779626
United Kingdom,18098C,PORCELAIN BUTTERFLY OIL BURNER,-0.9646017699115044
United Kingdom,37413,ICON MUG REVOLUTIONARY,-0.9647988505747126
United Kingdom,23390,DOLLY GIRL MINI BACKPACK,-0.9712230215827338
France,84991,60 TEATIME FAIRY CAKE CASES,-0.9717579250720461
United Kingdom,21107,CREAM SLICE FLANNEL PINK SPOT,-0.972027972027972
United Kingdom,23150,IVORY SWEETHEART SOAP DISH,-0.9722222222222222
United Kingdom,22548,adjustment,-0.9722222222222222
United Kingdom,22925,check,-0.9736842105263158
United Kingdom,82600,check,-0.9761904761904762
United Kingdom,21875,KINGS CHOICE MUG,-0.9779270633397313
United Kingdom,21891,TRADITIONAL WOODEN SKIPPING ROPE,-0.9791666666666666
United Kingdom,84507C,adjustment,-0.9794871794871794
United Kingdom,17136A,check,-0.9823529411764705
United Kingdom,22897,OVEN MITT APPLES DESIGN,-0.9826839826839827
United Kingdom,23113,PANTRY CHOPPING BOARD,-0.9838709677419355
United Kingdom,70007,HI TEC ALPINE HAND WARMER,-0.9843260188087775
Japan,22567,20 DOLLY PEGS RETROSPOT,-0.9846409298464093
United Kingdom,22848,check,-0.9865771812080537
United Kingdom,22513,DOORSTOP FOOTBALL DESIGN,-0.9868421052631579
United Kingdom,84531B,returned,-0.9872611464968153
United Kingdom,23557,LANDMARK FRAME BAKER STREET,-0.9873417721518988
United Kingdom,22302,COFFEE MUG PEARS  DESIGN,-0.9889240506329114
United Kingdom,22176,amazon,-0.989247311827957
United Kingdom,22355,test,-0.9895833333333334
United Kingdom,84674,FLYING PIG WATERING CAN,-0.98989898989899
United Kingdom,35004C,SET OF 3 COLOURED  FLYING DUCKS,-0.99
United Kingdom,21535,RED RETROSPOT SMALL MILK JUG,-0.9930555555555556
United Kingdom,84877D,found,-0.9931506849315068
United Kingdom,22444,GROW YOUR OWN PLANT IN A CAN,-0.9956521739130435
United Kingdom,23084,Amazon,-0.997093023255814
United Kingdom,84828,JUNGLE POPSICLES ICE LOLLY MOULDS,-0.9978586723768736
United Kingdom,21479,WHITE SKULL HOT WATER BOTTLE,-0.9986702127659575
United Kingdom,22687,adjustment,-0.9992
