Country,StockCode,ProductName,Growth_Rate
Country,StockCode,ProductName,Growth_Rate
Netherlands,22567,"20 DOLLY PEGS RETROSPOT",260.772857691815
"United Kingdom",85036B,"CHOCOLATE 1 WICK MORRIS BOX CANDLE",255.808416785885
Japan,23176,"ABC TREASURE BOOK BOX",134.5
Australia,22150,"3 STRIPEY MICE FELTCRAFT",124.731958762887
Netherlands,22315,"200 RED + WHITE BENDY STRAWS",123.565217391304
"United Kingdom",72807C,"SET/3 VANILLA SCENTED CANDLE IN BOX",119.0
"United Kingdom",23084,"website fixed",109.0
"United Kingdom",47566B,"incorrectly credited C550456 see 47",107.333333333333
"United Kingdom",20761,"BLUE PAISLEY SKETCHBOOK",107.0
"United Kingdom",84990,"60 GOLD AND SILVER FAIRY CAKE CASES",104.0
"United Kingdom",21155,"RED RETROSPOT PEG BAG",99.0
"United Kingdom",23245,"SET OF 3 REGENCY CAKE TINS",95.2256944444444
"United Kingdom",22717,"CARD DOG AND BALL",93.6666666666667
"United Kingdom",22423,"REGENCY CAKESTAND 3 TIER",85.663475203976
"United Kingdom",22467,"wrongly sold (22719) barcode",84.0
"United Kingdom",82600,"N0 SINGING METAL SIGN",79.1
"United Kingdom",21078,"SET/20 STRAWBERRY PAPER NAPKINS",71.0
Spain,22960,"JAM MAKING SET WITH JARS",60.3636363636364
"United Kingdom",22672,"FRENCH BATHROOM SIGN BLUE METAL",59.3625
"United Kingdom",23073,"GEORGIAN TRINKET BOX",56.640350877193
"United Kingdom",23286,"BLUE VINTAGE SPOT BEAKER",54.5471981640958
"United Kingdom",37446,"MINI CAKE STAND WITH HANGING CAKES",54.5
"United Kingdom",22514,"CHILDS GARDEN SPADE BLUE",53.0046296296296
"United Kingdom",84792,"ENCHANTED BIRD COATHANGER 5 HOOK",50.8153348214286
"United Kingdom",23008,"DOLLY GIRL BABY GIFT SET",48.3532143254365
EIRE,22847,"BREAD BIN DINER STYLE IVORY",47.6873920552677
"United Kingdom",23240,"SET OF 4 KNICK KNACK TINS DOILY",47.25
"United Kingdom",23081,"GREEN METAL BOX ARMY SUPPLIES",45.5971083812255
"United Kingdom",22357,"KINGS CHOICE BISCUIT TIN",45.0
EIRE,21888,"BINGO SET",44.3737828126672
"United Kingdom",22815,"CARD PSYCHEDELIC APPLES",41.0
"United Kingdom",22970,"LONDON BUS COFFEE MUG",39.37050735194
"United Kingdom",22187,"GREEN CHRISTMAS TREE CARD HOLDER",39.0
"United Kingdom",21793,"CLASSIC FRENCH STYLE BASKET BROWN",37.9513485367386
"United Kingdom",22920,"HERB MARKER BASIL",36.425
"United Kingdom",M,Manual,36.271620733624
"United Kingdom",23298,"BUNTING , SPOTTY ",36.0751349339289
"United Kingdom",21065,"BOOM BOX SPEAKER GIRLS",36.0
"United Kingdom",85135C,found,35.0
Germany,22636,"CHILDS BREAKFAST SET CIRCUS PARADE",34.5
"United Kingdom",84997B,"CHILDRENS CUTLERY RETROSPOT RED",33.4587238009402
"United Kingdom",23155,"KNICKERBOCKERGLORY MAGNET ASSORTED",33.0
"United Kingdom",22968,"ROSE COTTAGE KEEPSAKE BOX",32.3333333333333
"United Kingdom",23203,"JUMBO BAG VINTAGE DOILY",32.2231060606061
Germany,POST,POSTAGE,31.1229781009973
"United Kingdom",21530,"DAIRY MAID TOASTRACK",31.0
"United Kingdom",85135B,"BLUE DRAGONFLY HELICOPTER",30.9549887032384
"United Kingdom",84313C,"ORANGE TV TRAY TABLE",30.0
"United Kingdom",23343,"came coded as 20713",30.0
"United Kingdom",82011A,"BATHROOM SCALES, TROPICAL BEACH",29.9434234234234
"United Kingdom",16219,"HOUSE SHAPE PENCIL SHARPENER",29.0
"United Kingdom",21397,"BLUE POLKADOT EGG CUP",28.8571428571429
"United Kingdom",22988,"SOLDIERS EGG CUP",28.4583333333333
"United Kingdom",85132C,"CHARLIE AND LOLA FIGURES TINS",27.3695707070707
"United Kingdom",90031,"BILI NUT AND WOOD NECKLACE",27.0
"United Kingdom",85123A,?,25.6666666666667
"United Kingdom",23169,"CLASSIC GLASS SWEET JAR",24.3139182844086
"United Kingdom",90162B,"ANT SILVER LIME GREEN BOUDICCA RING",24.0
"United Kingdom",85150,"LADIES & GENTLEMEN METAL SIGN",23.8739794134875
"United Kingdom",22816,"CARD MOTORBIKE SANTA",23.4649334964552
"United Kingdom",21730,"GLASS STAR FROSTED T-LIGHT HOLDER",23.2627565006266
"United Kingdom",22114,"HOT WATER BOTTLE TEA AND SYMPATHY",23.1770152505447
"United Kingdom",21794,"CLASSIC FRENCH STYLE BASKET NATURAL",23.1242626474836
"United Kingdom",22227,"HANGING HEART MIRROR DECORATION",23.0
"United Kingdom",21731,"RED TOADSTOOL LED NIGHT LIGHT",22.8080084745763
"United Kingdom",71477,"COLOUR GLASS. STAR T-LIGHT HOLDER",22.6306120280971
"United Kingdom",22430,"ENAMEL WATERING CAN CREAM",22.5
"United Kingdom",23192,"BUNDLE OF 3 ALPHABET EXERCISE BOOKS",22.2946966246677
"United Kingdom",22428,"ENAMEL FIRE BUCKET CREAM",21.7145969498911
"United Kingdom",23412,"HEART MIRROR ANTIQUE WHITE",21.4
"United Kingdom",22659,"LUNCH BOX I LOVE LONDON",21.1499138235779
"United Kingdom",22556,"PLASTERS IN TIN CIRCUS PARADE",21.0795454545455
"United Kingdom",22476,"EMPIRE UNION JACK TV DINNER TRAY",21.0
"United Kingdom",23298,"SPOTTY BUNTING",20.8136949375411
"United Kingdom",22197,"SMALL POPCORN HOLDER",20.5583816092912
"United Kingdom",22700,"BLACK AND WHITE DOG BOWL",20.241310620167
"United Kingdom",21874,"GIN AND TONIC MUG",20.0297619047619
"United Kingdom",22713,"CARD I LOVE LONDON",19.5683410098745
"United Kingdom",22080,"RIBBON REEL POLKADOTS",19.275
"United Kingdom",48185,"DOORMAT FAIRY CAKE",19.1533865917189
"United Kingdom",22687,"had been put aside",19.0
"United Kingdom",85159A,"BLACK TEA,COFFEE,SUGAR JARS",18.0742358826548
"United Kingdom",22690,"DOORMAT HOME SWEET HOME BLUE",17.9634923303708
"United Kingdom",23152,"IVORY SWEETHEART WIRE LETTER RACK",17.7894345238095
"United Kingdom",23191,"BUNDLE OF 3 RETRO NOTE BOOKS",17.7413548146326
"United Kingdom",22035,"taig adjust",17.5
"United Kingdom",23531,"WALL ART BIG LOVE",17.5
"United Kingdom",22110,"BIRD HOUSE HOT WATER BOTTLE",17.260613720602
"United Kingdom",22242,"5 HOOK HANGER MAGIC TOADSTOOL",17.1420673896733
"United Kingdom",22548,"HEADS AND TAILS SPORTING FUN",17.0
"United Kingdom",23348,"CHILDRENS TOY COOKING UTENSIL SET",16.9295971595814
"United Kingdom",85035A,"GARDENIA 3 WICK MORRIS BOXED CANDLE",16.2727272727273
"United Kingdom",85161,"ACRYLIC GEOMETRIC LAMP",16.2142857142857
"United Kingdom",22838,"3 TIER CAKE TIN RED AND CREAM",15.3962074372315
"United Kingdom",22974,"CHILDRENS DOLLY GIRL MUG",15.3541666666667
"United Kingdom",47481,"50CM METAL STRING WITH  7 CLIPS",15.2568368011664
"United Kingdom",22716,"CARD CIRCUS PARADE",15.0045330440646
"United Kingdom",22812,check,15.0
"United Kingdom",22322,"BIRD DECORATION GREEN POLKADOT",14.8617590116581
"United Kingdom",84686,"BEACH HUT MIRROR",14.7272727272727
"United Kingdom",79164,"BLACK WINE GLASS",14.5351764705882
"United Kingdom",23200,"JUMBO BAG PEARS",14.4975752508361
"United Kingdom",72801G,"4 BURGUNDY WINE DINNER CANDLES",14.3519948640349
"United Kingdom",22854,"CREAM SWEETHEART EGG HOLDER",14.1202447713704
EIRE,C2,CARRIAGE,14.0983162026688
"United Kingdom",22355,"CHARLOTTE BAG SUKI DESIGN",14.0794160158236
France,POST,POSTAGE,14.0362695468897
"United Kingdom",23162,"REGENCY TEA STRAINER",13.8333333333333
"United Kingdom",22626,"BLACK KITCHEN SCALES",13.7477957441083
Germany,23319,"BOX OF 6 MINI 50'S CRACKERS",13.52
"United Kingdom",22698,"PINK REGENCY TEACUP AND SAUCER",13.4273333333333
"United Kingdom",C2,CARRIAGE,13.2598533309457
"United Kingdom",22320,"BIRDS MOBILE VINTAGE DESIGN",13.1938034188034
"United Kingdom",21445,"12 PINK ROSE PEG PLACE SETTINGS",12.7126427971354
"United Kingdom",85054,found,12.5
"United Kingdom",22692,"DOORMAT WELCOME TO OUR HOME",12.4911372690123
"United Kingdom",23034,"DRAWER KNOB CERAMIC BLACK",12.4645833333333
"United Kingdom",22910,"PAPER CHAIN KIT VINTAGE CHRISTMAS",12.3970833333333
"United Kingdom",22991,"GIRAFFE WOODEN RULER",12.3444444444444
"United Kingdom",84826,"ASSTD DESIGN 3D PAPER STICKERS",12.0855683269476
"United Kingdom",22654,"DELUXE SEWING KIT",12.0764898910335
"United Kingdom",21391,"FRENCH LAVENDER SCENT HEART",11.7340649801587
"United Kingdom",22580,"ADVENT CALENDAR GINGHAM SACK",11.7322630004929
"United Kingdom",22470,"HEART OF WICKER LARGE",11.6596266975115
"United Kingdom",22429,"ENAMEL MEASURING JUG CREAM",11.5619538808562
"United Kingdom",21313,"GLASS HEART T-LIGHT HOLDER",11.4404761904762
"United Kingdom",23009,"I LOVE LONDON BABY GIFT SET",11.3333333333333
"United Kingdom",21098,"CHRISTMAS TOILET ROLL",11.305285899935
"United Kingdom",85099C,"JUMBO  BAG BAROQUE BLACK WHITE",11.2650078367781
"United Kingdom",22632,"HAND WARMER RED RETROSPOT",11.0944444444444
"United Kingdom",82482,"WOODEN PICTURE FRAME WHITE FINISH",11.0
"United Kingdom",22624,"IVORY KITCHEN SCALES",10.9198050723238
"United Kingdom",23535,"BICYCLE SAFTEY WALL ART",10.8041188057623
Germany,M,Manual,10.7222222222222
"United Kingdom",22699,"ROSES REGENCY TEACUP AND SAUCER",10.7095238095238
"United Kingdom",85194L,"HANGING SPRING FLOWER EGG LARGE",10.5
"United Kingdom",22935,"BAKING MOULD ROSE MILK CHOCOLATE",10.0307462955388
"United Kingdom",22505,"MEMO BOARD COTTAGE DESIGN",10.0
"United Kingdom",22365,"DOORMAT RESPECTABLE HOUSE",9.86766368588755
Netherlands,POST,POSTAGE,9.66176470588235
"United Kingdom",22823,"CHEST NATURAL WOOD 20 DRAWERS",9.41774662617615
"United Kingdom",22371,"AIRLINE BAG VINTAGE TOKYO 78",9.39659061665382
"United Kingdom",23207,"LUNCH BAG ALPHABET DESIGN",9.12028125826064
"United Kingdom",85163B,"BLACK BAROQUE WALL CLOCK",9.10606060606061
"United Kingdom",22689,"had been put aside",9.0
"United Kingdom",23307,"SET OF 60 PANTRY DESIGN CAKE CASES",9.0
"United Kingdom",23201,"JUMBO BAG ALPHABET",8.93600712703788
"United Kingdom",22149,"FELTCRAFT 6 FLOWER FRIENDS",8.79318301540997
"United Kingdom",23076,"ICE CREAM SUNDAE LIP GLOSS",8.75
"United Kingdom",22337,"ANGEL DECORATION PAINTED ZINC",8.6875
Norway,22726,"ALARM CLOCK BAKELIKE GREEN",8.5
"United Kingdom",22821,"GIFT BAG PSYCHEDELIC APPLES",8.5
"United Kingdom",21181,adjustment,8.41666666666667
"United Kingdom",48173C,"DOORMAT BLACK FLOCK",8.41195103951738
"United Kingdom",82583,FBA,8.41176470588235
"United Kingdom",22315,"200 RED + WHITE BENDY STRAWS",8.40330647307926
"United Kingdom",23199,"JUMBO BAG APPLES",8.18528991044218
"United Kingdom",21621,"VINTAGE UNION JACK BUNTING",8.1062962962963
"United Kingdom",21244,"BLUE POLKADOT PLATE",8.09374400307043
"United Kingdom",21929,"JUMBO BAG PINK VINTAGE PAISLEY",8.06196385175985
"United Kingdom",21643,"ASSORTED TUTTI FRUTTI MIRROR",8.04964167635725
"United Kingdom",22687,"DOORMAT CHRISTMAS VILLAGE",7.95383963862225
"United Kingdom",20764,"ABSTRACT CIRCLES SKETCHBOOK",7.9047273281637
"United Kingdom",22634,"CHILDS BREAKFAST SET SPACEBOY",7.83165010325245
"United Kingdom",84660B,"BLACK STITCHED WALL CLOCK",7.83040799188614
"United Kingdom",20765,"CHRYSANTHEMUM SKETCHBOOK",7.82437275985663
"United Kingdom",37449,"CERAMIC CAKE STAND + HANGING CAKES",7.82125697494989
"United Kingdom",23184,"BULL DOG BOTTLE OPENER",7.63285155953467
"United Kingdom",22076,"6 RIBBONS EMPIRE",7.62849216346066
"United Kingdom",23485,"BOTANICAL GARDENS WALL CLOCK",7.61707111196815
"United Kingdom",23331,"DECORATIVE WICKER HEART SMALL",7.47368421052632
"United Kingdom",35004B,"SET OF 3 BLACK FLYING DUCKS",7.38611111111111
"United Kingdom",22633,"HAND WARMER UNION JACK",7.22559523809524
"United Kingdom",23057,"BEADED CHANDELIER T-LIGHT HOLDER",7.20761658165779
"United Kingdom",37327,"ASSTD MULTICOLOUR CIRCLES MUG",7.19432561909334
"United Kingdom",22702,"BLACK AND WHITE CAT BOWL",7.15460035417989
"United Kingdom",23480,"MINI LIGHTS WOODLAND MUSHROOMS",7.0595308495959
"United Kingdom",84968A,"SET OF 16 VINTAGE ROSE CUTLERY",7.0
"United Kingdom",46000P,"POLYESTER FILLER PAD 65CMx65CM",7.0
"United Kingdom",23583,"LUNCH BAG PAISLEY PARK",6.91582278481013
"United Kingdom",23236,"DOILEY STORAGE TIN",6.88416597135308
"United Kingdom",21787,"RAIN PONCHO RETROSPOT",6.85203316225819
"United Kingdom",22601,"CHRISTMAS RETROSPOT ANGEL WOOD",6.83142779277409
"United Kingdom",22367,"CHILDRENS APRON SPACEBOY DESIGN",6.82502692538511
"United Kingdom",23397,"FOOT STOOL HOME SWEET HOME",6.78228410008071
"United Kingdom",84625C,"BLUE NEW BAROQUE CANDLESTICK CANDLE",6.75063389209748
"United Kingdom",23089,"GLASS BON BON JAR",6.65425420168067
"United Kingdom",84876D,"BLUE HEART COMPACT MIRROR",6.6265671641791
"United Kingdom",15060B,"FAIRY CAKE DESIGN UMBRELLA",6.60681802219413
"United Kingdom",22183,"CAKE STAND VICTORIAN FILIGREE MED",6.6
"United Kingdom",21669,"BLUE STRIPE CERAMIC DRAWER KNOB",6.59317847803801
"United Kingdom",23127,"FELTCRAFT GIRL NICOLE KIT",6.55
"United Kingdom",84596L,"BISCUITS SMALL BOWL LIGHT BLUE",6.51740786859941
"United Kingdom",22768,"FAMILY PHOTO FRAME CORNICE",6.45350796568628
"United Kingdom",22478,"BIRDHOUSE GARDEN MARKER",6.3367450531144
"United Kingdom",22617,"BAKING SET SPACEBOY DESIGN",6.26152304892718
"United Kingdom",22457,"NATURAL SLATE HEART CHALKBOARD",6.23157646524297
EIRE,22843,"BISCUIT TIN VINTAGE GREEN",6.21716142183718
"United Kingdom",22719,"GUMBALL MONOCHROME COAT RACK",6.2
"United Kingdom",46000S,"POLYESTER FILLER PAD 40x40cm",6.13902085633665
"United Kingdom",23349,"ROLL WRAP VINTAGE CHRISTMAS",6.13888888888889
"United Kingdom",82583,"HOT BATHS METAL SIGN",6.12833058427997
"United Kingdom",22847,"BREAD BIN DINER STYLE IVORY",6.0927113303577
"United Kingdom",23203,"JUMBO BAG DOILEY PATTERNS",6.08996499790659
"United Kingdom",22849,"BREAD BIN DINER STYLE MINT",6.06366207924978
"United Kingdom",22493,"PAINT YOUR OWN CANVAS SET",6.0
"United Kingdom",21749,"LARGE RED RETROSPOT WINDMILL",5.9927747021497
"United Kingdom",22386,"JUMBO BAG PINK POLKADOT",5.94638063222939
"United Kingdom",22139,"RETROSPOT TEA SET CERAMIC 11 PC",5.90568693693694
"United Kingdom",22663,"JUMBO BAG DOLLY GIRL DESIGN",5.90472618258179
"United Kingdom",20837,"FRENCH FLORAL CUSHION COVER",5.89473684210526
"United Kingdom",22508,"DOORSTOP RETROSPOT HEART",5.8820463741052
"United Kingdom",22697,"GREEN REGENCY TEACUP AND SAUCER",5.86711376875406
"United Kingdom",22990,"COTTON APRON PANTRY DESIGN",5.84733355724735
"United Kingdom",22660,"DOORMAT I LOVE LONDON",5.83333333333333
"United Kingdom",22691,"DOORMAT WELCOME SUNRISE",5.8
"United Kingdom",22777,"GLASS CLOCHE LARGE",5.78379043600563
"United Kingdom",21733,"RED HANGING HEART T-LIGHT HOLDER",5.7263166520979
"United Kingdom",22834,"HAND WARMER BABUSHKA DESIGN",5.70782192903995
"United Kingdom",23163,"REGENCY SUGAR TONGS",5.66666666666667
"United Kingdom",85093,"CANDY SPOT EGG WARMER HARE",5.64
"United Kingdom",22693,"GROW A FLYTRAP OR SUNFLOWER IN TIN",5.63315869356163
"United Kingdom",84559A,"3D SHEET OF DOG STICKERS",5.62131335681415
"United Kingdom",85152,"HAND OVER THE CHOCOLATE   SIGN",5.56345090648673
"United Kingdom",22662,"LUNCH BAG DOLLY GIRL DESIGN",5.52173913043478
Germany,22436,"12 COLOURED PARTY BALLOONS",5.51464435146443
"United Kingdom",84988,"SET OF 72 PINK HEART PAPER DOILIES",5.504
"United Kingdom",22061,"LARGE CAKE STAND  HANGING STRAWBERY",5.5
"United Kingdom",22618,"COOKING SET RETROSPOT",5.5
"United Kingdom",21064,"BOOM BOX SPEAKER BOYS",5.46769625788082
EIRE,72800E,"4 IVORY DINNER CANDLES SILVER FLOCK",5.45882352941176
"United Kingdom",23190,"BUNDLE OF 3 SCHOOL EXERCISE BOOKS",5.41010978885557
"United Kingdom",22750,"FELTCRAFT PRINCESS LOLA DOLL",5.26666666666667
"United Kingdom",22727,"ALARM CLOCK BAKELIKE RED",5.26639201363284
"United Kingdom",20963,"APPLE BATH SPONGE",5.25035743901674
"United Kingdom",21745,"GAOLERS KEYS DECORATIVE GARDEN",5.24646182495345
"United Kingdom",22851,"SET 20 NAPKINS FAIRY CAKES DESIGN",5.22916666666667
"United Kingdom",23566,"EGG CUP MILKMAID HEIDI",5.18181818181818
"United Kingdom",84997D,"CHILDRENS CUTLERY POLKADOT PINK",5.1699138298313
"United Kingdom",22867,"HAND WARMER BIRD DESIGN",5.13603585097171
"United Kingdom",21928,"JUMBO BAG SCANDINAVIAN BLUE PAISLEY",5.12050334168755
"United Kingdom",22730,"ALARM CLOCK BAKELIKE IVORY",5.04134223422157
"United Kingdom",22241,"GARLAND WOODEN HAPPY EASTER",5.03076923076923
"United Kingdom",21623,"VINTAGE UNION JACK MEMOBOARD",5.0
"United Kingdom",23462,"ROCOCO WALL MIRROR WHITE",5.0
"United Kingdom",22089,"PAPER BUNTING VINTAGE PAISLEY",5.0
"United Kingdom",23413,"DECORATIVE VINTAGE COFFEE  BOX",4.86206896551724
"United Kingdom",20886,"BOX OF 9 PEBBLE CANDLES",4.8267364780418
"United Kingdom",22374,"AIRLINE BAG VINTAGE JET SET RED",4.76892399520013
"United Kingdom",22503,"CABIN BAG VINTAGE PAISLEY",4.76388888888889
"United Kingdom",22827,"RUSTIC  SEVENTEEN DRAWER SIDEBOARD",4.75392156862745
"United Kingdom",85107,check?,4.75384615384615
"United Kingdom",22142,"CHRISTMAS CRAFT WHITE FAIRY",4.72222222222222
"United Kingdom",85116,"BLACK CANDELABRA T-LIGHT HOLDER",4.69446905347595
"United Kingdom",21754,"HOME BUILDING BLOCK WORD",4.66087002102327
"United Kingdom",47422,"ASSORTED MONKEY SUCTION CUP HOOK",4.64110013357517
"United Kingdom",21561,"DINOSAUR LUNCH BOX WITH CUTLERY",4.63138282707701
"United Kingdom",23284,"DOORMAT KEEP CALM AND COME IN",4.61776256557502
"United Kingdom",22927,"GREEN GIANT GARDEN THERMOMETER",4.61008132350319
"United Kingdom",23317,"BLUE REFECTORY CLOCK",4.60827228327228
"United Kingdom",21464,"DISCO BALL ROTATOR BATTERY OPERATED",4.5803410854167
"United Kingdom",22197,"POPCORN HOLDER",4.53400100401606
"United Kingdom",84970S,"HANGING HEART ZINC T-LIGHT HOLDER",4.51930749689216
"United Kingdom",85099B,"JUMBO BAG RED RETROSPOT",4.50944390551586
"United Kingdom",21390,"FILIGRIS HEART WITH BUTTERFLY",4.49798255889626
Germany,22243,"5 HOOK HANGER RED MAGIC TOADSTOOL",4.46559324875071
"United Kingdom",21106,"CREAM SLICE FLANNEL CHOCOLATE SPOT",4.44377394636015
"United Kingdom",23171,"REGENCY TEA PLATE GREEN",4.38541666666667
France,23010,"CIRCUS PARADE BABY GIFT SET",4.37878787878788
"United Kingdom",22616,"PACK OF 12 LONDON TISSUES",4.29662883511135
"United Kingdom",85132B,"CHARLIE AND LOLA TABLE TINS",4.27773279352227
"United Kingdom",23123,"COCKTAIL SWORDS 50 PIECES",4.26182795698925
"United Kingdom",22625,"RED KITCHEN SCALES",4.24791666666667
EIRE,22804,"CANDLEHOLDER PINK HANGING HEART",4.24137931034483
"United Kingdom",21333,"CLASSIC WHITE FRAME",4.23636363636364
"United Kingdom",22722,"SET OF 6 SPICE TINS PANTRY DESIGN",4.20833333333333
"United Kingdom",20728,"LUNCH BAG CARS BLUE",4.17921931612047
"United Kingdom",21877,"HOME SWEET HOME MUG",4.14626527642085
"United Kingdom",79321,"CHILLI LIGHTS",4.1187785502942
Germany,21716,"BOYS VINTAGE TIN SEASIDE BUCKET",4.1063829787234
France,22859,"EASTER TIN BUNNY BOUQUET",4.07142857142857
"United Kingdom",20675,"BLUE POLKADOT BOWL",4.04582563752022
Netherlands,22847,"BREAD BIN DINER STYLE IVORY",4.00865800865801
"United Kingdom",85035C,"ROSE 3 WICK MORRIS BOX CANDLE",4.0
Germany,85099B,"JUMBO BAG RED RETROSPOT",3.96774193548387
Germany,21328,"BALLOONS  WRITING SET",3.92753623188406
"United Kingdom",51008,"AFGHAN SLIPPER SOCK PAIR",3.92399447343547
"United Kingdom",22086,"PAPER CHAIN KIT 50'S CHRISTMAS",3.91704509130577
"United Kingdom",23552,"BICYCLE PUNCTURE REPAIR KIT",3.91678532563098
"United Kingdom",21809,"CHRISTMAS HANGING TREE WITH BELL",3.88172043010753
"United Kingdom",48187,"DOORMAT NEW ENGLAND",3.85754973533502
"United Kingdom",POST,POSTAGE,3.84154259960055
"United Kingdom",47503H,"ASS FLORAL PRINT SPIRIT LEVEL",3.83561643835616
"United Kingdom",90010E,"AMBER GLASS/SILVER BRACELET",3.83333333333333
"United Kingdom",21175,"GIN + TONIC DIET METAL SIGN",3.83050283908751
"United Kingdom",48116,"DOORMAT MULTICOLOUR STRIPE",3.82653374233129
France,22580,"ADVENT CALENDAR GINGHAM SACK",3.82051282051282
"United Kingdom",22439,"6 ROCKET BALLOONS",3.81427743623062
"United Kingdom",22741,"FUNKY DIVA PEN",3.8
"United Kingdom",72800D,"4 BLUE DINNER CANDLES SILVER FLOCK",3.70529299676931
"United Kingdom",23206,"LUNCH BAG APPLE DESIGN",3.68333333333333
France,22303,"COFFEE MUG APPLES DESIGN",3.67179144385027
"United Kingdom",23065,"LARGE DECO JEWELLERY STAND",3.66666666666667
"United Kingdom",22090,"PAPER BUNTING RETROSPOT",3.63026719823653
"United Kingdom",23045,"PAPER LANTERN 5 POINT STAR MOON",3.61538461538462
"United Kingdom",23228,"FILIGREE HEART BIRD WHITE",3.57110307282274
"United Kingdom",23010,"CIRCUS PARADE BABY GIFT SET",3.55555555555556
"United Kingdom",22941,"CHRISTMAS LIGHTS 10 REINDEER",3.55039110081313
"United Kingdom",23124,"18PC WOODEN CUTLERY SET DISPOSABLE",3.54802182662611
"United Kingdom",84997C,"CHILDRENS CUTLERY POLKADOT BLUE",3.5330272787789
"United Kingdom",22440,"BALLOON WATER BOMB PACK OF 35",3.53073844872618
"United Kingdom",22951,"60 CAKE CASES DOLLY GIRL DESIGN",3.50999495276718
"United Kingdom",23005,"TRAVEL CARD WALLET I LOVE LONDON",3.5
"United Kingdom",21888,"BINGO SET",3.48734570207699
"United Kingdom",82583,amazon,3.4625
Germany,22939,"ADULT APRON APPLE DELIGHT",3.46147230822153
"United Kingdom",21145,"ANTIQUE GLASS PLACE SETTING",3.45
"United Kingdom",22075,"6 RIBBONS ELEGANT CHRISTMAS",3.44637805654557
Spain,84997C,"CHILDRENS CUTLERY POLKADOT BLUE",3.35214081738614
"United Kingdom",22607,"WOODEN ROUNDERS GARDEN SET",3.34375
"United Kingdom",20726,"LUNCH BAG WOODLAND",3.34057971014493
"United Kingdom",35965,dotcom,3.33333333333333
"United Kingdom",20751,"FUNKY WASHING UP GLOVES ASSORTED",3.31818181818182
"United Kingdom",47503A,"ASS FLORAL PRINT MULTI SCREWDRIVER",3.31331056709247
"United Kingdom",21703,"BAG 125g SWIRLY MARBLES",3.30337146068056
"United Kingdom",22360,"GLASS JAR ENGLISH CONFECTIONERY",3.30225988700565
"United Kingdom",90184A,"AMBER CHUNKY BEAD BRACELET W STRAP",3.3
"United Kingdom",23084,"RABBIT NIGHT LIGHT",3.2604279173646
"United Kingdom",79302M,"ART LIGHTS,FUNK MONKEY",3.26013435785331
"United Kingdom",22192,"BLUE DINER WALL CLOCK",3.22491739396557
"United Kingdom",21937,found,3.16666666666667
"United Kingdom",23299,"FOOD COVER WITH BEADS SET 2",3.1548807917229
"United Kingdom",21116,"OWL DOORSTOP",3.14468864468864
Belgium,22730,"ALARM CLOCK BAKELIKE IVORY",3.14457831325301
"United Kingdom",21641,"ASSORTED TUTTI FRUTTI KEYRING BALL",3.10805893596096
"United Kingdom",84978,"HANGING HEART JAR T-LIGHT HOLDER",3.07284059728107
"United Kingdom",15058A,"BLUE POLKADOT GARDEN PARASOL",3.07066021819123
"United Kingdom",22866,"HAND WARMER SCOTTY DOG DESIGN",3.04166666666667
"United Kingdom",21191,"LARGE WHITE HONEYCOMB PAPER BELL",3.03411706349206
"United Kingdom",22498,"WOODEN REGATTA BUNTING",3.01851851851852
"United Kingdom",21638,"ASSORTED TUTTI FRUTTI NOTEBOOK",3.00327801827802
"United Kingdom",23343,"wrongly coded 20713",3.0
"United Kingdom",72817,dotcomstock,3.0
"United Kingdom",21476,"STEEL SWEETHEART ROUND TABLE CREAM",3.0
"United Kingdom",23080,"RED METAL BOX TOP SECRET",3.0
"United Kingdom",35400,"WOODEN BOX ADVENT CALENDAR",3.0
"United Kingdom",23330,"DECORATIVE WICKER HEART MEDIUM",2.99702254728883
"United Kingdom",22303,"COFFEE MUG APPLES DESIGN",2.97245417170749
"United Kingdom",21524,"DOORMAT SPOTTY HOME SWEET HOME",2.96758902111189
Poland,22626,"BLACK KITCHEN SCALES",2.94444444444444
"United Kingdom",21171,"BATHROOM METAL SIGN",2.93755431414034
"United Kingdom",22188,"BLACK HEART CARD HOLDER",2.93253581353005
"United Kingdom",15056N,"EDWARDIAN PARASOL NATURAL",2.93055902131271
"United Kingdom",48184,"DOORMAT ENGLISH ROSE",2.92703005720058
"United Kingdom",37450,"CERAMIC CAKE BOWL + HANGING CAKES",2.92389521693481
"United Kingdom",22567,"20 DOLLY PEGS RETROSPOT",2.91947248788959
"United Kingdom",21269,"ANTIQUE CREAM CUTLERY SHELF",2.89864963079249
"United Kingdom",84997A,"CHILDRENS CUTLERY POLKADOT GREEN",2.88198979584227
"United Kingdom",22630,"DOLLY GIRL LUNCH BOX",2.86487676452287
"United Kingdom",20973,"12 PENCIL SMALL TUBE WOODLAND",2.83160762410703
"United Kingdom",21188,"3D HEARTS  HONEYCOMB PAPER GARLAND",2.82655540742826
"United Kingdom",20727,"LUNCH BAG  BLACK SKULL.",2.82370752027796
Germany,22624,"IVORY KITCHEN SCALES",2.8166087962963
"United Kingdom",22564,"ALPHABET STENCIL CRAFT",2.81232345318115
"United Kingdom",22631,"CIRCUS PARADE LUNCH BOX",2.80700376720431
"United Kingdom",22848,"BREAD BIN DINER STYLE PINK",2.79379075740821
"United Kingdom",85038,"6 CHOCOLATE LOVE HEART T-LIGHTS",2.79247923925236
"United Kingdom",22138,"BAKING SET 9 PIECE RETROSPOT",2.79152052690166
"United Kingdom",22189,"CREAM HEART CARD HOLDER",2.78643809417528
"United Kingdom",22839,"3 TIER CAKE TIN GREEN AND CREAM",2.77819742430366
"United Kingdom",21756,"BATH BUILDING BLOCK WORD",2.76234111487774
"United Kingdom",21523,"DOORMAT FANCY FONT HOME SWEET HOME",2.74103919846826
"United Kingdom",22966,"GINGERBREAD MAN COOKIE CUTTER",2.74094253327003
Austria,84879,"ASSORTED COLOUR BIRD ORNAMENT",2.73584905660377
"United Kingdom",22376,"AIRLINE BAG VINTAGE JET SET WHITE",2.73381071429594
"United Kingdom",23483,"HANGING  BUTTERFLY T-LIGHT HOLDER",2.72139830508475
"United Kingdom",85183A,"CHARLIE & LOLA WASTEPAPER BIN BLUE",2.71171171171171
"United Kingdom",22375,"AIRLINE BAG VINTAGE JET SET BROWN",2.70916202180473
"United Kingdom",22637,"PIGGY BANK RETROSPOT",2.7037037037037
"United Kingdom",22961,"JAM MAKING SET PRINTED",2.69836320647263
"United Kingdom",22436,"12 COLOURED PARTY BALLOONS",2.69622368581256
"United Kingdom",23131,"had been put aside",2.69230769230769
"United Kingdom",22726,"ALARM CLOCK BAKELIKE GREEN",2.69214999509583
"United Kingdom",84991,"60 TEATIME FAIRY CAKE CASES",2.68553990407548
"United Kingdom",84692,"BOX OF 24 COCKTAIL PARASOLS",2.67793875801893
France,23176,"ABC TREASURE BOOK BOX",2.65876777251185
"United Kingdom",21819,"GLITTER CHRISTMAS STAR",2.65853658536585
"United Kingdom",22865,"HAND WARMER OWL DESIGN",2.65318176118774
"United Kingdom",22733,"3D TRADITIONAL CHRISTMAS STICKERS",2.62961301594516
France,23395,"BELLE JARDINIERE CUSHION COVER",2.62068965517241
"United Kingdom",22593,"CHRISTMAS GINGHAM STAR",2.61727061548802
"United Kingdom",82580,"BATHROOM METAL SIGN",2.61119536366255
"United Kingdom",23099,"FRENCH CARRIAGE LANTERN",2.60840382264142
"United Kingdom",21326,"AGED GLASS SILVER T-LIGHT HOLDER",2.59482344514582
"United Kingdom",48194,"DOORMAT HEARTS",2.59080521124197
"United Kingdom",23498,"CLASSIC BICYCLE CLIPS",2.58333333333333
"United Kingdom",85123A,"WHITE HANGING HEART T-LIGHT HOLDER",2.5813125
"United Kingdom",21871,"SAVE THE PLANET MUG",2.57446808510638
"United Kingdom",21034,"REX CASH+CARRY JUMBO SHOPPER",2.56527777777778
"United Kingdom",35599B,"BLACK CHRISTMAS TREE 120CM",2.5608817075907
"United Kingdom",23442,"12 HANGING EGGS HAND PAINTED",2.54994097759458
"United Kingdom",20986,"BLUE CALCULATOR RULER",2.54321100838702
"United Kingdom",22492,"MINI PAINT SET VINTAGE",2.53825000157212
"United Kingdom",22925,"BLUE GIANT GARDEN THERMOMETER",2.52562957236303
"United Kingdom",23029,"DRAWER KNOB CRACKLE GLAZE GREEN",2.48169946891596
"United Kingdom",10133,"COLOURING PENCILS BROWN TUBE",2.48098213420794
"United Kingdom",22622,"BOX OF VINTAGE ALPHABET BLOCKS",2.47056422907933
"United Kingdom",82582,"AREA PATROLLED METAL SIGN",2.44624354991856
"United Kingdom",22965,"3 TRADITIONAl BISCUIT CUTTERS  SET",2.43898798189906
"United Kingdom",85048,"15CM CHRISTMAS GLASS BALL 20 LIGHTS",2.39852763678007
"United Kingdom",85177,"BASKET OF FLOWERS SEWING KIT",2.3974267384674
France,21212,"PACK OF 72 RETROSPOT CAKE CASES",2.39171032617881
"United Kingdom",20713,"JUMBO BAG OWLS",2.36576536519193
Portugal,20973,"12 PENCIL SMALL TUBE WOODLAND",2.36012861736334
"United Kingdom",22906,"12 MESSAGE CARDS WITH ENVELOPES",2.35961765996879
"United Kingdom",23020,"GLASS  SONGBIRD STORAGE JAR",2.35935545935546
"United Kingdom",21210,"SET OF 72 RETROSPOT PAPER  DOILIES",2.34761904761905
"United Kingdom",46000U,check,2.33333333333333
"United Kingdom",23188,"VINTAGE  2 METRE FOLDING RULER",2.33333333333333
"United Kingdom",23050,"RECYCLED ACAPULCO MAT GREEN",2.25925925925926
Germany,20981,"12 PENCILS TALL TUBE WOODLAND",2.258227152964
"United Kingdom",22222,"CAKE PLATE LOVEBIRD WHITE",2.2571777746764
Sweden,22467,"GUMBALL COAT RACK",2.24324324324324
"United Kingdom",48138,"DOORMAT UNION FLAG",2.2331481939228
"United Kingdom",22236,"CAKE STAND 3 TIER MAGIC GARDEN",2.22071089224441
"United Kingdom",22960,"JAM MAKING SET WITH JARS",2.19770579713741
"United Kingdom",22212,"FOUR HOOK  WHITE LOVEBIRDS",2.19192471159684
"United Kingdom",22983,"CARD BILLBOARD FONT",2.17931010268424
"United Kingdom",84212,"ASSORTED FLOWER COLOUR ""LEIS""",2.17728015402397
"United Kingdom",47590A,"BLUE HAPPY BIRTHDAY BUNTING",2.17178391935205
"United Kingdom",21497,"FANCY FONTS BIRTHDAY WRAP",2.16244861195167
"United Kingdom",22419,"LIPSTICK PEN RED",2.15384615384615
"United Kingdom",20978,"36 PENCILS TUBE SKULLS",2.15099240702116
"United Kingdom",22282,"12 EGG HOUSE PAINTED WOOD",2.14918638847285
France,23319,"BOX OF 6 MINI 50'S CRACKERS",2.1459219858156
"United Kingdom",22823,test,2.14285714285714
"United Kingdom",82486,"3 DRAWER ANTIQUE WHITE WOOD CABINET",2.13721844629986
"United Kingdom",21340,"CLASSIC METAL BIRDCAGE PLANT HOLDER",2.12878615782204
"United Kingdom",35923,"CANDY HEART HANGING DECORATION",2.12579365079365
"United Kingdom",21770,"OPEN CLOSED METAL SIGN",2.12544802867384
"United Kingdom",22824,"3 TIER SWEETHEART GARDEN SHELF",2.11559596435076
"United Kingdom",84949,"SILVER HANGING T-LIGHT HOLDER",2.11111111111111
"United Kingdom",22969,"HOMEMADE JAM SCENTED CANDLES",2.10820499784713
"United Kingdom",22526,"WHEELBARROW FOR CHILDREN",2.08333333333333
"United Kingdom",23227,"FILIGREE HEART BUTTERFLY WHITE",2.08313209885748
"United Kingdom",22469,"HEART OF WICKER SMALL",2.08134956583603
EIRE,22622,"BOX OF VINTAGE ALPHABET BLOCKS",2.06410256410256
"United Kingdom",22171,"3 HOOK PHOTO SHELF ANTIQUE WHITE",2.05930319972758
Germany,22661,"CHARLOTTE BAG DOLLY GIRL DESIGN",2.05309734513274
"United Kingdom",21936,"RED RETROSPOT PICNIC BAG",2.04886597938144
"United Kingdom",21704,"BAG 250g SWIRLY MARBLES",2.04847008238694
"United Kingdom",21991,"BOHEMIAN COLLAGE STATIONERY SET",2.03839939105712
"United Kingdom",22761,"CHEST 7 DRAWER MA CAMPAGNE",2.0369978858351
"United Kingdom",22267,"EASTER DECORATION EGG BUNNY",2.03192735064029
"United Kingdom",11001,"ASSTD DESIGN RACING CAR PEN",2.02502776038737
"United Kingdom",23064,"CINDERELLA CHANDELIER",2.01988017429194
"United Kingdom",22955,"36 FOIL STAR CAKE CASES",2.01362985553039
"United Kingdom",84078A,"SET/4 WHITE RETRO STORAGE CUBES",2.0109126984127
"United Kingdom",22424,"ENAMEL BREAD BIN CREAM",2.00818297558595
"United Kingdom",22939,"APRON APPLE DELIGHT",2.00069730131064
"United Kingdom",23082,"SET 6 PAPER TABLE LANTERN HEARTS",2.0
"United Kingdom",22087,Amazon,2.0
"United Kingdom",22846,"BREAD BIN DINER STYLE RED",1.99502245713029
"United Kingdom",22161,"HEART DECORATION RUSTIC HANGING",1.98147675012775
"United Kingdom",21716,"BOYS VINTAGE TIN SEASIDE BUCKET",1.96435955987032
"United Kingdom",22148,"EASTER CRAFT 4 CHICKS",1.96399896399896
"United Kingdom",21108,"FAIRY CAKE FLANNEL ASSORTED COLOUR",1.96206342072561
"United Kingdom",23051,"RECYCLED ACAPULCO MAT BLUE",1.96041666666667
"United Kingdom",22176,"BLUE OWL SOFT TOY",1.9587250124983
"United Kingdom",21166,"COOK WITH WINE METAL SIGN",1.9552315013292
"United Kingdom",21481,"FAWN BLUE HOT WATER BOTTLE",1.94997729953861
Germany,15036,"ASSORTED COLOURS SILK FAN",1.94754695126996
"United Kingdom",84929,found,1.94117647058824
"United Kingdom",22937,"BAKING MOULD CHOCOLATE CUPCAKES",1.93139002756673
"United Kingdom",22980,"PANTRY SCRUBBING BRUSH",1.91798941798942
Netherlands,84406B,"CREAM CUPID HEARTS COAT HANGER",1.91150442477876
"United Kingdom",84821,"DANISH ROSE DELUXE COASTER",1.90625
"United Kingdom",47599B,"BLUE PARTY BAGS",1.8965493479145
"United Kingdom",84380,"SET OF 3 BUTTERFLY COOKIE CUTTERS",1.88888888888889
"United Kingdom",22349,"DOG BOWL CHASING BALL DESIGN",1.88721413721414
Portugal,20983,"12 PENCILS TALL TUBE RED RETROSPOT",1.88082901554404
Germany,23253,"16 PIECE CUTLERY SET PANTRY DESIGN",1.88022035286235
Spain,22418,"10 COLOUR SPACEBOY PEN",1.85897435897436
"United Kingdom",51014A,"FEATHER PEN,HOT PINK",1.8537077104642
"United Kingdom",23581,"JUMBO BAG PAISLEY PARK",1.83414827761837
"United Kingdom",23187,"FRENCH STYLE STORAGE JAR BONBONS",1.83333333333333
"United Kingdom",20975,"12 PENCILS SMALL TUBE RED RETROSPOT",1.8255173005542
EIRE,22418,"10 COLOUR SPACEBOY PEN",1.82509427139277
"United Kingdom",22933,"BAKING MOULD EASTER EGG MILK CHOC",1.81623873487622
"United Kingdom",21843,"RED RETROSPOT CAKE STAND",1.8149301231493
Germany,22567,"20 DOLLY PEGS RETROSPOT",1.81402155663489
"United Kingdom",84279B,"CHERRY BLOSSOM DECORATIVE FLASK",1.80653561827957
"United Kingdom",22084,"PAPER CHAIN KIT EMPIRE",1.80327265276994
"United Kingdom",22595,"CHRISTMAS GINGHAM HEART",1.80189493433396
"United Kingdom",22853,"CAT BOWL VINTAGE CREAM",1.79857257155821
"United Kingdom",85129B,"BEADED CRYSTAL HEART GREEN SMALL",1.7741935483871
"United Kingdom",23109,"PACK OF SIX LED TEA LIGHTS",1.77380952380952
"United Kingdom",84347,"ROTATING SILVER ANGELS T-LIGHT HLDR",1.77350427350427
"United Kingdom",84944,"michel oops",1.75
"United Kingdom",46000M,"POLYESTER FILLER PAD 45x45cm",1.74107246376812
"United Kingdom",22776,"SWEETHEART 3 TIER CAKE STAND",1.73214285714286
"United Kingdom",22427,"ENAMEL FLOWER JUG CREAM",1.73092979287365
"United Kingdom",85175,"CACTI T-LIGHT CANDLES",1.72702421380238
"United Kingdom",21619,"4 VANILLA BOTANICAL CANDLES",1.72399972126938
"United Kingdom",21534,"DAIRY MAID LARGE MILK JUG",1.7225790513834
"United Kingdom",23328,"SET 6 SCHOOL MILK BOTTLES IN CRATE",1.72222222222222
"United Kingdom",22481,"BLACK TEA TOWEL CLASSIC DESIGN",1.72198691780395
"United Kingdom",22568,"FELTCRAFT CUSHION OWL",1.71688275661214
"United Kingdom",22041,"RECORD FRAME 7"" SINGLE SIZE ",1.71365914786967
"United Kingdom",23078,"ICE CREAM PEN LIP GLOSS",1.70833333333333
"United Kingdom",84884A,"ANT WHITE WIRE HEART SPIRAL",1.70669997901575
"United Kingdom",21830,damaged,1.70422535211268
"United Kingdom",21773,"DECORATIVE ROSE BATHROOM BOTTLE",1.7
"United Kingdom",21143,"ANTIQUE GLASS HEART DECORATION",1.68408670734446
"United Kingdom",22964,"3 PIECE SPACEBOY COOKIE CUTTER SET",1.68048628703863
"United Kingdom",22621,"TRADITIONAL KNITTING NANCY",1.66666666666667
"United Kingdom",21352,"EUCALYPTUS & PINECONE  WREATH",1.66666666666667
"United Kingdom",90178A,"AMBER CHUNKY GLASS+BEAD NECKLACE",1.6438651218063
Switzerland,22077,"6 RIBBONS RUSTIC CHARM",1.62910798122066
"United Kingdom",22636,"CHILDS BREAKFAST SET CIRCUS PARADE",1.62583749081704
"United Kingdom",72800C,"4 PINK DINNER CANDLE SILVER FLOCK",1.625
"United Kingdom",84032B,"CHARLIE + LOLA RED HOT WATER BOTTLE",1.61410711982788
"United Kingdom",21930,"JUMBO STORAGE BAG SKULLS",1.6
"United Kingdom",22963,"JAM JAR WITH BLUE LID",1.6
"United Kingdom",84558A,"3D DOG PICTURE PLAYING CARDS",1.59172069371506
"United Kingdom",22418,"10 COLOUR SPACEBOY PEN",1.58706934066148
"United Kingdom",23085,"ANTIQUE SILVER BAUBLE LAMP",1.58586731202177
"United Kingdom",84827,"ASS DES PHONE SPONGE CRAFT STICKER",1.58485962706893
"United Kingdom",23253,"16 PIECE CUTLERY SET PANTRY DESIGN",1.57977626010381
"United Kingdom",23204,"CHARLOTTE BAG APPLES DESIGN",1.57429648619162
"United Kingdom",21830,"ASSORTED CREEPY CRAWLIES",1.57106823788872
"United Kingdom",22098,"BOUDOIR SQUARE TISSUE BOX",1.56919644120683
"United Kingdom",17003,"BROCADE RING PURSE",1.56899958276284
"United Kingdom",22558,"CLOTHES PEGS RETROSPOT PACK 24",1.56414194673479
"United Kingdom",22067,"CHOC TRUFFLE GOLD TRINKET POT",1.55518864729391
Netherlands,23084,"RABBIT NIGHT LIGHT",1.545
"United Kingdom",35095A,"BLUE VICTORIAN FABRIC OVAL BOX",1.54022988505747
"United Kingdom",23382,"BOX OF 6 CHRISTMAS CAKE DECORATIONS",1.53271043512025
"United Kingdom",22229,"BUNNY WOODEN PAINTED WITH FLOWER",1.53138868609102
EIRE,22580,"ADVENT CALENDAR GINGHAM SACK",1.5303508338632
"United Kingdom",22784,"LANTERN CREAM GAZEBO",1.51265117157974
"United Kingdom",22456,"NATURAL SLATE CHALKBOARD LARGE",1.51028426082774
"United Kingdom",15056BL,"EDWARDIAN PARASOL BLACK",1.50405457295165
"United Kingdom",22169,"FAMILY ALBUM WHITE PICTURE FRAME",1.5026354741053
"United Kingdom",20713,"wrongly coded 23343",1.5
"United Kingdom",22078,"RIBBON REEL LACE DESIGN",1.5
"United Kingdom",23313,"VINTAGE CHRISTMAS BUNTING",1.5
"United Kingdom",23497,"CLASSIC CHROME BICYCLE BELL",1.48138727390181
"United Kingdom",21080,"SET/20 RED RETROSPOT PAPER NAPKINS",1.47730769230769
"United Kingdom",21137,"BLACK RECORD COVER FRAME",1.47645042602978
"United Kingdom",85186C,"BUNNY EGG GARLAND",1.46718265052762
"United Kingdom",23283,"DOORMAT VINTAGE LEAF",1.46529411764706
France,84879,"ASSORTED COLOUR BIRD ORNAMENT",1.46522195333673
"United Kingdom",21705,"BAG 500g SWIRLY MARBLES",1.45423086117297
"United Kingdom",84823,"DANISH ROSE FOLDING CHAIR",1.44898441190364
EIRE,22950,"36 DOILIES VINTAGE CHRISTMAS",1.44488655833274
"United Kingdom",47566,"PARTY BUNTING",1.44343196811837
"United Kingdom",22855,"FINE WICKER HEART",1.44105436319638
"United Kingdom",21260,"FIRST AID TIN",1.43947990543735
"United Kingdom",22914,"BLUE COAT RACK PARIS FASHION",1.43860397401721
"United Kingdom",35819B,"ACRYLIC HANGING JEWEL,BLUE",1.42477502546563
"United Kingdom",79000,"MOROCCAN TEA GLASS",1.42424242424242
"United Kingdom",84581,"DOG TOY WITH PINK CROCHET SKIRT",1.42306707629288
"United Kingdom",84997C,"BLUE 3 PIECE POLKADOT CUTLERY SET",1.41834176938932
"United Kingdom",22566,"FELTCRAFT HAIRBAND PINK AND PURPLE",1.41771159874608
"United Kingdom",84796B,"BLUE SAVANNAH PICNIC HAMPER FOR 2",1.41592617908407
"United Kingdom",22725,"ALARM CLOCK BAKELIKE CHOCOLATE",1.40146804923317
"United Kingdom",21918,"SET 12 KIDS COLOUR  CHALK STICKS",1.4
"United Kingdom",23525,"BUFFALO BILL WALL ART",1.4
Germany,22847,"BREAD BIN DINER STYLE IVORY",1.39273504273504
"United Kingdom",21927,"BLUE/CREAM STRIPE CUSHION COVER",1.39131422960791
"United Kingdom",22950,"36 DOILIES VINTAGE CHRISTMAS",1.38719960923292
"United Kingdom",84929,"ASSTD FRUIT+FLOWERS FRIDGE MAGNETS",1.3862080124989
France,85014A,"BLACK/BLUE POLKADOT UMBRELLA",1.38019677222526
"United Kingdom",22460,"EMBOSSED GLASS TEALIGHT HOLDER",1.37834383753501
Italy,POST,POSTAGE,1.375
"United Kingdom",21841,"BABY MOUSE RED GINGHAM DRESS",1.36153846153846
"United Kingdom",22797,"CHEST OF DRAWERS GINGHAM HEART",1.35952057732369
"United Kingdom",85071A,"BLUE CHARLIE+LOLA PERSONAL DOORSIGN",1.35450488671029
"United Kingdom",23181,"BULL DOG BOTTLE TOP WALL CLOCK",1.35033401268116
France,20983,"12 PENCILS TALL TUBE RED RETROSPOT",1.34748656273725
"United Kingdom",22121,"NOEL WOODEN BLOCK LETTERS",1.34375
"United Kingdom",22207,"FRYING PAN UNION FLAG",1.34237918527369
"United Kingdom",22569,"FELTCRAFT CUSHION BUTTERFLY",1.34004508860867
France,22567,"20 DOLLY PEGS RETROSPOT",1.33005233966096
"United Kingdom",84946,"ANTIQUE SILVER TEA GLASS ETCHED",1.32994547576945
"United Kingdom",21448,"12 DAISY PEGS IN WOOD BOX",1.32532853151015
"United Kingdom",22842,"BISCUIT TIN VINTAGE RED",1.322787422199
"United Kingdom",22465,"HANGING METAL STAR LANTERN",1.3144215210356
"United Kingdom",85066,"CREAM SWEETHEART MINI CHEST",1.30248261392445
"United Kingdom",20982,"12 PENCILS TALL TUBE SKULLS",1.30136799752435
"United Kingdom",84559a,"3D SHEET OF DOG STICKERS",1.30115800865801
"United Kingdom",22366,"DOORMAT AIRMAIL",1.29502995609068
"United Kingdom",23058,"CHRISTMAS HANGING SNOWFLAKE",1.29166666666667
"United Kingdom",85053,"FRENCH ENAMEL CANDLEHOLDER",1.28835731961898
"United Kingdom",23356,"LOVE HOT WATER BOTTLE",1.28571428571429
"United Kingdom",84992,"72 SWEETHEART FAIRY CAKE CASES",1.27888225910198
"United Kingdom",85034B,"3 WHITE CHOC MORRIS BOXED CANDLES",1.27808349167371
Belgium,23204,"CHARLOTTE BAG APPLES DESIGN",1.27687647317494
"United Kingdom",22949,"36 DOILIES DOLLY GIRL",1.26846602158316
"United Kingdom",84279P,"CHERRY BLOSSOM  DECORATIVE FLASK",1.26763811284423
"United Kingdom",23344,"JUMBO BAG 50'S CHRISTMAS",1.2659972522202
"United Kingdom",22158,"3 HEARTS HANGING DECORATION RUSTIC",1.26433329523633
"United Kingdom",23186,"FRENCH STYLE STORAGE JAR CAFE",1.26182432432432
"United Kingdom",22294,"HEART FILIGREE DOVE  SMALL",1.25826484018265
"United Kingdom",23234,"BISCUIT TIN VINTAGE CHRISTMAS",1.25730324490658
"United Kingdom",22588,"CARD HOLDER GINGHAM HEART",1.25365026443952
"United Kingdom",75049L,"LARGE CIRCULAR MIRROR MOBILE",1.2514880952381
"United Kingdom",21650,"ASSORTED TUTTI FRUTTI BRACELET",1.24630669587228
"United Kingdom",DOT,"DOTCOM POSTAGE",1.23879045598793
"United Kingdom",21484,"CHICK GREY HOT WATER BOTTLE",1.2339999989082
"United Kingdom",21615,"4 LAVENDER BOTANICAL DINNER CANDLES",1.23311948237258
EIRE,20984,"12 PENCILS TALL TUBE POSY",1.23155278447195
"United Kingdom",22113,"GREY HEART HOT WATER BOTTLE",1.22773198614227
"United Kingdom",20974,"12 PENCILS SMALL TUBE SKULL",1.22305756408861
"United Kingdom",22661,"CHARLOTTE BAG DOLLY GIRL DESIGN",1.22044048983598
"United Kingdom",21447,"12 IVORY ROSE PEG PLACE SETTINGS",1.21836005274589
"United Kingdom",22131,"FOOD CONTAINER SET 3 LOVE HEART",1.21666666666667
"United Kingdom",20977,"36 PENCILS TUBE WOODLAND",1.21421691613775
"United Kingdom",23165,"LARGE CERAMIC TOP STORAGE JAR",1.21388888888889
France,23192,"BUNDLE OF 3 ALPHABET EXERCISE BOOKS",1.20952380952381
"United Kingdom",21640,"ASSORTED TUTTI FRUTTI  FOB NOTEBOOK",1.20870357712463
Belgium,22726,"ALARM CLOCK BAKELIKE GREEN",1.20526299010749
"United Kingdom",84559B,"3D SHEET OF CAT STICKERS",1.20517374571807
"United Kingdom",23169,"CLASSIC GLASS COOKIE JAR",1.20509213614763
"United Kingdom",22728,"ALARM CLOCK BAKELIKE PINK",1.2033181447965
"United Kingdom",22939,"ADULT APRON APPLE DELIGHT",1.20221145596527
"United Kingdom",23215,"JINGLE BELL HEART ANTIQUE SILVER",1.20084911506138
"United Kingdom",22720,"SET OF 3 CAKE TINS PANTRY DESIGN",1.19388314536341
"United Kingdom",23300,"GARDENERS KNEELING PAD CUP OF TEA",1.1823695268674
France,22976,"CIRCUS PARADE CHILDRENS EGG CUP",1.18178956834532
"United Kingdom",21446,"12 RED ROSE PEG PLACE SETTINGS",1.18089967512252
"United Kingdom",22065,"CHRISTMAS PUDDING TRINKET POT",1.17828115229717
"United Kingdom",21644,"ASSORTED TUTTI FRUTTI HEART BOX",1.16744652406417
"United Kingdom",21429,"RED GINGHAM ROSE JEWELLERY BOX",1.16666666666667
"United Kingdom",23176,"ABC TREASURE BOOK BOX",1.16644632904956
"United Kingdom",21908,"CHOCOLATE THIS WAY METAL SIGN",1.16040359432927
"United Kingdom",22112,"CHOCOLATE HOT WATER BOTTLE",1.15077706010771
"United Kingdom",21457,"2 PICTURE BOOK EGGS EASTER DUCKS",1.14516243253288
Germany,23353,"6 GIFT TAGS VINTAGE CHRISTMAS",1.14267766301834
"United Kingdom",23355,"HOT WATER BOTTLE KEEP CALM",1.13173136509588
"United Kingdom",22047,"EMPIRE GIFT WRAP",1.1316134126841
"United Kingdom",85169C,"EAU DE NIL LOVE BIRD CANDLE",1.13061224489796
"United Kingdom",71459,"HANGING JAM JAR T-LIGHT HOLDERS",1.13016749537834
France,22236,"CAKE STAND 3 TIER MAGIC GARDEN",1.1289889155381
"United Kingdom",22316,"200 BENDY SKULL STRAWS",1.12855938731519
Japan,23084,"RABBIT NIGHT LIGHT",1.125
"United Kingdom",20829,"GLITTER HANGING BUTTERFLY STRING",1.11603009259259
"United Kingdom",20979,"36 PENCILS TUBE RED RETROSPOT",1.11331664781285
"United Kingdom",22937,"BAKING MOULD CUPCAKE CHOCOLATE",1.11111111111111
EIRE,20977,"36 PENCILS TUBE WOODLAND",1.10695187165775
France,23254,"CHILDRENS CUTLERY DOLLY GIRL",1.1063829787234
"United Kingdom",85014A,"BLACK/BLUE POLKADOT UMBRELLA",1.10428074525876
France,22620,"4 TRADITIONAL SPINNING TOPS",1.10260425955896
"United Kingdom",22677,"FRENCH BLUE METAL DOOR SIGN 2",1.09677419354839
"United Kingdom",22771,"CLEAR DRAWER KNOB ACRYLIC EDWARDIAN",1.08717793808173
"United Kingdom",22144,"CHRISTMAS CRAFT LITTLE FRIENDS",1.08261075045302
"United Kingdom",85088,"CANDY SPOT HAND BAG",1.08197915029598
"United Kingdom",22645,"CERAMIC HEART FAIRY CAKE MONEY BANK",1.08098403016731
Germany,23203,"JUMBO BAG DOILEY PATTERNS",1.07777777777778
"United Kingdom",22620,"4 TRADITIONAL SPINNING TOPS",1.07745695000332
"United Kingdom",48111,"DOORMAT 3 SMILEY CATS",1.06799717214306
"United Kingdom",22074,"6 RIBBONS SHIMMERING PINKS",1.06235018237609
"United Kingdom",22191,"IVORY DINER WALL CLOCK",1.06060606060606
"United Kingdom",22153,"ANGEL DECORATION STARS ON DRESS",1.06041241902306
Germany,22906,"12 MESSAGE CARDS WITH ENVELOPES",1.05882352941176
"United Kingdom",47591D,"PINK FAIRY CAKE CHILDRENS APRON",1.05580043929798
"United Kingdom",84946,"ANTIQUE SILVER T-LIGHT GLASS",1.04337118760635
Germany,84879,"ASSORTED COLOUR BIRD ORNAMENT",1.04251784251784
"United Kingdom",40016,"CHINESE DRAGON PAPER LANTERNS",1.03776153457329
"United Kingdom",22898,"CHILDRENS APRON APPLES DESIGN",1.03761362488465
"United Kingdom",22021,"BLUE FELT EASTER EGG BASKET",1.03427143590283
"United Kingdom",51014C,"FEATHER PEN,COAL BLACK",1.02964553928874
"United Kingdom",85130B,"BEADED CRYSTAL HEART GREEN LARGE",1.02761062744016
"United Kingdom",22154,"ANGEL DECORATION 3 BUTTONS",1.02609924456049
"Channel Islands",22950,"36 DOILIES VINTAGE CHRISTMAS",1.02209944751381
Switzerland,22418,"10 COLOUR SPACEBOY PEN",1.01931224504401
"United Kingdom",22372,"AIRLINE BAG VINTAGE WORLD CHAMPION",1.01340643498673
"United Kingdom",21670,"BLUE SPOT CERAMIC DRAWER KNOB",1.00929723844221
"United Kingdom",22712,"CARD DOLLY GIRL",1.00827750709751
"United Kingdom",21658,"GLASS  BEURRE DISH",1.00804615705932
"United Kingdom",22993,"SET OF 4 PANTRY JELLY MOULDS",1.0
"United Kingdom",22489,"PACK OF 12 TRADITIONAL CRAYONS",1.0
"United Kingdom",22810,"SET OF 6 T-LIGHTS SNOWMEN",1.0
"United Kingdom",23237,"SET OF 4 KNICK KNACK TINS LEAF",1.0
"United Kingdom",23211,"RED ROCKING HORSE HAND PAINTED",1.0
"United Kingdom",21826,"EIGHT PIECE DINOSAUR SET",1.0
"United Kingdom",21586,"KINGS CHOICE GIANT TUBE MATCHES",1.0
"United Kingdom",21707,"FOLDING UMBRELLA BLACKBLUE POLKADOT",1.0
Italy,23084,"RABBIT NIGHT LIGHT",1.0
"United Kingdom",20713,"wrongly marked 23343",1.0
"United Kingdom",35965,found,1.0
"United Kingdom",20713,"Marked as 23343",1.0
Portugal,POST,POSTAGE,1.0
"United Kingdom",20749,"ASSORTED COLOUR MINI CASES",0.991588608607291
"United Kingdom",22934,"BAKING MOULD EASTER EGG WHITE CHOC",0.98339178448697
"United Kingdom",22379,"RECYCLING BAG RETROSPOT",0.98
"United Kingdom",84029E,"RED WOOLLY HOTTIE WHITE HEART.",0.971153846153846
Germany,20679,"EDWARDIAN PARASOL RED",0.968992248062015
"United Kingdom",35833P,"4 PINK FLOCK CHRISTMAS BALLS",0.968989351278555
"United Kingdom",20981,"12 PENCILS TALL TUBE WOODLAND",0.967231532748282
"United Kingdom",22077,"6 RIBBONS RUSTIC CHARM",0.966947734875184
"United Kingdom",22729,"ALARM CLOCK BAKELIKE ORANGE",0.966876714659882
"United Kingdom",72741,"GRAND CHOCOLATECANDLE",0.966480995119856
Spain,22728,"ALARM CLOCK BAKELIKE PINK",0.965909090909091
France,22223,"CAKE PLATE LOVEBIRD PINK",0.965909090909091
"United Kingdom",85034a,"3 GARDENIA MORRIS BOXED CANDLES",0.96
"United Kingdom",22843,"BISCUIT TIN VINTAGE GREEN",0.95731540008682
"United Kingdom",15036,"ASSORTED COLOURS SILK FAN",0.953805277016149
"United Kingdom",47599A,"PINK PARTY BAGS",0.951219512195122
Germany,20749,"ASSORTED COLOUR MINI CASES",0.948067283593599
"United Kingdom",21043,"APRON MODERN VINTAGE COTTON",0.941566103150785
"United Kingdom",84993A,"75 GREEN PETIT FOUR CASES",0.941297549085255
"United Kingdom",22931,"BAKING MOULD HEART WHITE CHOCOLATE",0.937677187677188
France,22631,"CIRCUS PARADE LUNCH BOX",0.930258146424037
"United Kingdom",23571,"TRADITIONAL NAUGHTS & CROSSES",0.928571428571429
"United Kingdom",22675,"FRENCH KITCHEN SIGN BLUE METAL",0.924302788844621
Germany,84531B,"BLUE KNITTED EGG COSY",0.921875
"United Kingdom",22092,"BLUE PAISLEY TISSUE BOX",0.921146953405018
"United Kingdom",22274,"FELTCRAFT DOLL EMILY",0.920454545454545
"United Kingdom",20652,"BLUE POLKADOT LUGGAGE TAG",0.919420228007072
"United Kingdom",20980,"36 PENCILS TUBE POSY",0.916404784456123
"United Kingdom",22087,"PAPER BUNTING WHITE LACE",0.913568242186663
"United Kingdom",85034A,"3 GARDENIA MORRIS BOXED CANDLES",0.91299237003219
"United Kingdom",22356,"CHARLOTTE BAG PINK POLKADOT",0.909241563003182
"United Kingdom",85231B,"CINAMMON SET OF 9 T-LIGHTS",0.904417575470207
"United Kingdom",21495,"SKULLS AND CROSSBONES WRAP",0.9
"United Kingdom",84969,"BOX OF 6 ASSORTED COLOUR TEASPOONS",0.898604598888591
"United Kingdom",48129,"DOORMAT TOPIARY",0.897265489788854
"United Kingdom",16011,"ANIMAL STICKERS",0.889425186093357
"United Kingdom",23353,"6 GIFT TAGS VINTAGE CHRISTMAS",0.888227994825652
"United Kingdom",22182,"CAKE STAND VICTORIAN FILIGREE SMALL",0.88627730294397
"United Kingdom",22907,"PACK OF 20 NAPKINS PANTRY DESIGN",0.886275872721656
"United Kingdom",22364,"GLASS JAR DIGESTIVE BISCUITS",0.885184706010133
Germany,22244,"3 HOOK HANGER MAGIC GARDEN",0.883386594328123
"United Kingdom",22798,"ANTIQUE GLASS DRESSING TABLE POT",0.880704054044844
France,22726,"ALARM CLOCK BAKELIKE GREEN",0.879580649603819
"United Kingdom",84945,"MULTI COLOUR SILVER T-LIGHT HOLDER",0.875903283445543
"United Kingdom",44235,"ASS COL CIRCLE MOBILE",0.872925375605314
"United Kingdom",22150,"3 STRIPEY MICE FELTCRAFT",0.863341574699366
"United Kingdom",22685,"FRENCH BLUE METAL DOOR SIGN 0",0.858211867255828
"United Kingdom",22802,"FAUX FUR CHOCOLATE THROW",0.85578231292517
"United Kingdom",23310,"BUBBLEGUM RING ASSORTED",0.855776257715531
"United Kingdom",23128,"DOLLCRAFT BOY JEAN-PAUL",0.855098389982111
"United Kingdom",21500,"PINK POLKADOT WRAP",0.854838709677419
"United Kingdom",22377,"BOTTLE BAG RETROSPOT",0.854443199647951
Germany,22077,"6 RIBBONS RUSTIC CHARM",0.853795359924493
Germany,22819,"BIRTHDAY CARD, RETRO SPOT",0.850354969574037
"United Kingdom",20931,"BLUE POT PLANT CANDLE",0.849161450042823
Germany,21914,"BLUE HARMONICA IN BOX",0.848147969473423
"United Kingdom",21644,found,0.846153846153846
"United Kingdom",35961,"FOLKART ZINC HEART CHRISTMAS DEC",0.846047008547009
Germany,22725,"ALARM CLOCK BAKELIKE CHOCOLATE",0.840909090909091
"United Kingdom",20686,"DOLLY MIXTURE CHILDREN'S UMBRELLA",0.835148535391254
"United Kingdom",23166,"MEDIUM CERAMIC TOP STORAGE JAR",0.833373756428395
"United Kingdom",72801d,"4 SKY BLUE DINNER CANDLES",0.829901656168827
"United Kingdom",21922,"UNION STRIPE WITH FRINGE  HAMMOCK",0.827777777777778
"United Kingdom",22762,"CUPBOARD 3 DRAWER MA CAMPAGNE",0.825133979321171
"United Kingdom",84465,"15 PINK FLUFFY CHICKS IN BOX",0.823983151611132
France,22352,"LUNCH BOX WITH CUTLERY RETROSPOT",0.822916666666667
Spain,22726,"ALARM CLOCK BAKELIKE GREEN",0.818484332722353
"United Kingdom",23319,"BOX OF 6 MINI 50'S CRACKERS",0.815296808977408
EIRE,22726,"ALARM CLOCK BAKELIKE GREEN",0.814326510214281
"United Kingdom",22715,"CARD WEDDING DAY",0.814285714285714
"United Kingdom",22178,"VICTORIAN GLASS HANGING T-LIGHT",0.813799191005073
"United Kingdom",22952,"60 CAKE CASES VINTAGE CHRISTMAS",0.812525472162199
Germany,21700,"BIG DOUGHNUT FRIDGE MAGNETS",0.808918697415787
Germany,22620,"4 TRADITIONAL SPINNING TOPS",0.79426537738383
"United Kingdom",23179,"CLOCK MAGNET MUM'S KITCHEN",0.792174796747967
"United Kingdom",85019B,"BLOSSOM  IMAGES NOTEBOOK SET",0.784760305273741
Germany,20973,"12 PENCIL SMALL TUBE WOODLAND",0.784084280875317
"United Kingdom",22283,"6 EGG HOUSE PAINTED WOOD",0.781701484580694
"United Kingdom",22646,"CERAMIC STRAWBERRY CAKE MONEY BANK",0.780540390651994
Belgium,22631,"CIRCUS PARADE LUNCH BOX",0.78021978021978
"United Kingdom",84755,"COLOUR GLASS T-LIGHT HOLDER HANGING",0.779145136662009
"United Kingdom",22956,"36 FOIL HEART CAKE CASES",0.778663694812841
"United Kingdom",22141,"CHRISTMAS CRAFT TREE TOP ANGEL",0.778575404474092
"United Kingdom",22732,"3D VINTAGE CHRISTMAS STICKERS",0.77831085929693
"United Kingdom",22026,"BANQUET BIRTHDAY  CARD",0.774076316499767
"United Kingdom",21833,"CAMOUFLAGE LED TORCH",0.773469741163467
"United Kingdom",23205,"CHARLOTTE BAG ALPHABET  DESIGN",0.770473079116856
"United Kingdom",21163,"DO NOT TOUCH MY STUFF DOOR HANGER",0.76981053525676
"United Kingdom",22804,"CANDLEHOLDER PINK HANGING HEART",0.769060809328616
"United Kingdom",21617,"4 LILY  BOTANICAL DINNER CANDLES",0.765497331532289
"United Kingdom",22915,"ASSORTED BOTTLE TOP  MAGNETS",0.764810468760306
Belgium,22915,"ASSORTED BOTTLE TOP  MAGNETS",0.759259259259259
"United Kingdom",23395,"BELLE JARDINIERE CUSHION COVER",0.755872391173508
"United Kingdom",22731,"3D CHRISTMAS STAMPS STICKERS",0.755659001545252
Germany,20977,"36 PENCILS TUBE WOODLAND",0.749001056294973
"United Kingdom",71459,"HANGING JAM JAR T-LIGHT HOLDER",0.748468528825672
France,20963,"APPLE BATH SPONGE",0.742537313432836
"United Kingdom",20984,"12 PENCILS TALL TUBE POSY",0.741317985530314
"United Kingdom",22930,"BAKING MOULD HEART MILK CHOCOLATE",0.739627429908629
"United Kingdom",35819P,"ACRYLIC HANGING JEWEL,PINK",0.739566461505237
"United Kingdom",23247,"BISCUIT TIN 50'S CHRISTMAS",0.7395615383829
Portugal,22620,"4 TRADITIONAL SPINNING TOPS",0.738139827261511
"United Kingdom",15044B,"BLUE PAPER PARASOL",0.732461749944881
"United Kingdom",84879,"ASSORTED COLOUR BIRD ORNAMENT",0.731055902559869
"United Kingdom",20914,"SET/5 RED RETROSPOT LID GLASS BOWLS",0.729166666666667
"United Kingdom",16218,"CARTOON  PENCIL SHARPENERS",0.726979734599618
"United Kingdom",21328,"BALLOONS  WRITING SET",0.719008606870738
"United Kingdom",22942,"CHRISTMAS LIGHTS 10 SANTAS",0.715244767057932
"United Kingdom",23103,"BELL HEART DECORATION",0.713516775879899
"United Kingdom",85049G,"CHOCOLATE BOX RIBBONS",0.712573591253154
"United Kingdom",22151,"PLACE SETTING WHITE HEART",0.702962962962963
"United Kingdom",37448,"CERAMIC CAKE DESIGN SPOTTED MUG",0.702951942807752
France,22138,"BAKING SET 9 PIECE RETROSPOT",0.700031900782114
"United Kingdom",23202,"JUMBO BAG VINTAGE LEAF",0.7
"United Kingdom",22822,"CREAM WALL PLANTER HEART SHAPED",0.691346581009003
"United Kingdom",21975,"PACK OF 60 DINOSAUR CAKE CASES",0.690277777777778
"United Kingdom",21914,"BLUE HARMONICA IN BOX",0.689446190770599
"United Kingdom",79163,"BLACK CHAMPAGNE GLASS",0.673788579093973
"United Kingdom",21165,"BEWARE OF THE CAT METAL SIGN",0.6722646221429
"United Kingdom",23348,check,0.666666666666667
"United Kingdom",85185B,"Found in w/hse",0.666666666666667
"United Kingdom",23509,"MINI PLAYING CARDS FUN FAIR",0.666666666666667
Germany,21240,"BLUE POLKADOT CUP",0.664491758241758
"United Kingdom",17164B,"ASS COL SMALL SAND GECKO P'WEIGHT",0.660287610619469
"United Kingdom",23424,"GINGHAM RECIPE BOOK BOX",0.655841886473163
Germany,47503A,"ASS FLORAL PRINT MULTI SCREWDRIVER",0.654205607476635
"United Kingdom",22805,"BLUE DRAWER KNOB ACRYLIC EDWARDIAN",0.651487296109848
"United Kingdom",21915,"RED  HARMONICA IN BOX",0.650187064376807
"United Kingdom",85034C,"3 ROSE MORRIS BOXED CANDLES",0.643381633065644
"United Kingdom",22984,"CARD GINGHAM ROSE",0.643343872145868
"United Kingdom",22801,"ANTIQUE GLASS PEDESTAL BOWL",0.640579730129328
"United Kingdom",22650,"CERAMIC PIRATE CHEST MONEY BANK",0.638643614532524
"United Kingdom",22826,"LOVE SEAT ANTIQUE WHITE METAL",0.637566137566138
"United Kingdom",23527,"ANIMALS AND NATURE WALL ART",0.63373888700099
France,23286,"BLUE VINTAGE SPOT BEAKER",0.632034632034632
"United Kingdom",21518,"BANK ACCOUNT  GREETING  CARD",0.631580996822632
"United Kingdom",23255,"CHILDRENS CUTLERY CIRCUS PARADE",0.622885835095137
"United Kingdom",47421,"ASSORTED COLOUR LIZARD SUCTION HOOK",0.621287434252274
"United Kingdom",84884a,"ANT WHITE WIRE HEART SPIRAL",0.614718614718615
"United Kingdom",22653,"BUTTON BOX",0.613797088487697
"United Kingdom",85035B,"CHOCOLATE 3 WICK MORRIS BOX CANDLE",0.611485042735043
"United Kingdom",21217,"RED RETROSPOT ROUND CAKE TINS",0.607352941176471
"United Kingdom",22714,"CARD BIRTHDAY COWBOY",0.605845808524545
"United Kingdom",22244,"3 HOOK HANGER MAGIC GARDEN",0.601081253311747
"United Kingdom",23406,"HOME SWEET HOME KEY HOLDER",0.6
"United Kingdom",21407,"BROWN CHECK CAT DOORSTOP",0.598151261870366
"United Kingdom",22623,"BOX OF VINTAGE JIGSAW BLOCKS",0.595200639099668
"United Kingdom",84947,"ANTIQUE SILVER TEA GLASS ENGRAVED",0.592274190225481
"United Kingdom",22963,"JAM JAR WITH GREEN LID",0.58974358974359
"United Kingdom",23486,"ANTIQUE HEART SHELF UNIT",0.586561970053049
"United Kingdom",84997a,"CHILDRENS CUTLERY POLKADOT GREEN",0.586206896551724
"United Kingdom",22972,"CHILDREN'S SPACEBOY MUG",0.58527450087776
"United Kingdom",23109,"LED TEA LIGHTS",0.584126984126984
"United Kingdom",22596,"CHRISTMAS STAR WISH LIST CHALKBOARD",0.582512916752121
Belgium,22951,"60 CAKE CASES DOLLY GIRL DESIGN",0.577179601341348
"United Kingdom",22800,"ANTIQUE TALL SWIRLGLASS TRINKET POT",0.576246476739342
"United Kingdom",21458,"2 PICTURE BOOK EGGS EASTER BUNNY",0.57396069608046
"United Kingdom",21675,"BUTTERFLIES STICKERS",0.571428571428571
"United Kingdom",35816P,"ACRYLIC JEWEL ANGEL,PINK",0.570149253731343
"United Kingdom",21616,"4 PEAR BOTANICAL DINNER CANDLES",0.56931938740028
EIRE,22620,"4 TRADITIONAL SPINNING TOPS",0.567245812880866
France,22964,"3 PIECE SPACEBOY COOKIE CUTTER SET",0.565296010216992
"United Kingdom",82567,"AIRLINE LOUNGE,METAL SIGN",0.564973570801653
Portugal,84991,"60 TEATIME FAIRY CAKE CASES",0.561181434599156
"United Kingdom",15039,"SANDALWOOD FAN",0.561111111111111
"United Kingdom",23434,"3 RAFFIA RIBBONS 50'S CHRISTMAS",0.550641574608791
"United Kingdom",21012,"ANTIQUE ALL GLASS CANDLESTICK",0.547418935120036
France,20749,"ASSORTED COLOUR MINI CASES",0.537118314243496
"United Kingdom",21985,"PACK OF 12 HEARTS DESIGN TISSUES",0.535955531691966
Germany,22176,"BLUE OWL SOFT TOY",0.530927835051546
"United Kingdom",23301,"GARDENERS KNEELING PAD KEEP CALM",0.530619863228559
"United Kingdom",72800E,"4 IVORY DINNER CANDLES SILVER FLOCK",0.526059792650775
"United Kingdom",23225,"CHERUB HEART DECORATION SILVER",0.525467089192579
"United Kingdom",21395,"BLUE POLKADOT BEAKER",0.524393526964957
"United Kingdom",84950,"ASSORTED COLOUR T-LIGHT HOLDER",0.523475237827126
"United Kingdom",21520,"BOOZE & WOMEN GREETING CARD",0.521235521235521
"United Kingdom",20983,"12 PENCILS TALL TUBE RED RETROSPOT",0.519545637828344
"United Kingdom",23354,"6 GIFT TAGS 50'S CHRISTMAS",0.514532965113866
"United Kingdom",22194,"BLACK DINER WALL CLOCK",0.513285017279446
Germany,22171,"3 HOOK PHOTO SHELF ANTIQUE WHITE",0.504480123701435
"United Kingdom",37327,adjustment,0.5
"United Kingdom",16014,"SMALL CHINESE STYLE SCISSOR",0.5
"United Kingdom",22487,"WHITE WOOD GARDEN PLANT LADDER",0.5
Germany,23212,"HEART WREATH DECORATION WITH BELL",0.498269896193772
Germany,20979,"36 PENCILS TUBE RED RETROSPOT",0.497954137053454
"United Kingdom",23375,"50'S CHRISTMAS PAPER GIFT BAG",0.494715665450155
"United Kingdom",22468,"BABUSHKA LIGHTS STRING OF 10",0.490912553719028
"United Kingdom",22251,"BIRDHOUSE DECORATION MAGIC GARDEN",0.477227890190664
"United Kingdom",20758,"ABSTRACT CIRCLES POCKET BOOK",0.476719634057907
"United Kingdom",23437,"50'S CHRISTMAS GIFT BAG LARGE",0.47603327282597
"United Kingdom",23254,"CHILDRENS CUTLERY DOLLY GIRL",0.475029615097101
"United Kingdom",21499,"BLUE POLKADOT WRAP",0.474163004931591
"United Kingdom",22441,"GROW YOUR OWN BASIL IN ENAMEL MUG",0.473684210526316
Spain,22915,"ASSORTED BOTTLE TOP  MAGNETS",0.472222222222222
EIRE,22951,"60 CAKE CASES DOLLY GIRL DESIGN",0.472069264463799
"United Kingdom",22243,"5 HOOK HANGER RED MAGIC TOADSTOOL",0.467748635670767
Sweden,22951,"60 CAKE CASES DOLLY GIRL DESIGN",0.461689587426326
Germany,22223,"CAKE PLATE LOVEBIRD PINK",0.461538461538462
"United Kingdom",84030E,"ENGLISH ROSE HOT WATER BOTTLE",0.461362061484461
"United Kingdom",23198,"PANTRY MAGNETIC  SHOPPING LIST",0.458333333333333
"United Kingdom",22518,"CHILDS GARDEN BRUSH BLUE",0.454545454545455
EIRE,22838,"3 TIER CAKE TIN RED AND CREAM",0.451952147424783
"United Kingdom",21324,"HANGING MEDINA LANTERN SMALL",0.45
"United Kingdom",22504,"CABIN BAG VINTAGE RETROSPOT",0.447028862478778
"United Kingdom",22938,"CUPCAKE LACE PAPER SET 6",0.44596961680295
"United Kingdom",85032B,"BLOSSOM IMAGES GIFT WRAP SET",0.44511911335241
"United Kingdom",22220,"CAKE STAND LOVEBIRD 2 TIER WHITE",0.444586007599706
"United Kingdom",23119,"PACK OF 6 LARGE FRUIT STRAWS",0.44047619047619
"United Kingdom",22425,"ENAMEL COLANDER CREAM",0.440470727696838
"United Kingdom",23149,"ANTIQUE IVORY WIRE BOWL SMALL",0.439536560678289
"United Kingdom",21642,"ASSORTED TUTTI FRUTTI PEN",0.434943038568559
"United Kingdom",22464,"HANGING METAL HEART LANTERN",0.431562426540067
"United Kingdom",23222,"CHRISTMAS TREE HANGING GOLD",0.428571428571429
Switzerland,22436,"12 COLOURED PARTY BALLOONS",0.428006775832863
"United Kingdom",22467,"GUMBALL COAT RACK",0.426417372049002
Netherlands,22951,"60 CAKE CASES DOLLY GIRL DESIGN",0.422636710470538
Spain,22567,"20 DOLLY PEGS RETROSPOT",0.421052631578947
"United Kingdom",22818,"CARD CHRISTMAS VILLAGE",0.420747089564644
"United Kingdom",85130D,"BEADED CRYSTAL HEART PINK LARGE",0.416225611981773
"United Kingdom",22334,"DINOSAUR PARTY BAG + STICKER SET",0.415706703842297
"United Kingdom",84218,"BOX/12 CHICK & EGG IN BASKET",0.4140625
"United Kingdom",22644,"CERAMIC CHERRY CAKE MONEY BANK",0.412474444391777
"United Kingdom",23068,"ALUMINIUM STAMPED HEART",0.412131537693491
"United Kingdom",21822,"GLITTER CHRISTMAS TREE WITH BELLS",0.41
France,22418,"10 COLOUR SPACEBOY PEN",0.405433100073818
"United Kingdom",71496B,"A4 WALL TIDY RED FLOWERS",0.401639344262295
France,22436,"12 COLOURED PARTY BALLOONS",0.400308359952829
"United Kingdom",23033,"DRAWER KNOB CERAMIC RED",0.4
EIRE,22965,"3 TRADITIONAl BISCUIT CUTTERS  SET",0.399423078236841
"United Kingdom",22619,"SET OF 6 SOLDIER SKITTLES",0.393713450292398
"United Kingdom",22252,"BIRDCAGE DECORATION TEALIGHT HOLDER",0.384961378529361
"United Kingdom",22215,"CAKE STAND WHITE TWO TIER LACE",0.383640728434471
"United Kingdom",20685,"DOORMAT RED RETROSPOT",0.37924998289161
"United Kingdom",22466,"FAIRY TALE COTTAGE NIGHT LIGHT",0.378571428571429
Germany,22320,"BIRDS MOBILE VINTAGE DESIGN",0.376278926303753
"United Kingdom",22147,"FELTCRAFT BUTTERFLY HEARTS",0.375286568433978
Spain,20727,"LUNCH BAG  BLACK SKULL.",0.375
Germany,22964,"3 PIECE SPACEBOY COOKIE CUTTER SET",0.374816516713829
"United Kingdom",22904,"CALENDAR PAPER CUT DESIGN",0.370994893177425
"United Kingdom",22945,"CHRISTMAS METAL TAGS ASSORTED",0.370592478038941
"United Kingdom",85049F,"BABY BOOM RIBBONS",0.370287274587907
"United Kingdom",21713,"CITRONELLA CANDLE FLOWERPOT",0.369699508366427
"United Kingdom",23329,"DECORATIVE WICKER HEART LARGE",0.368120623328006
Germany,82486,"3 DRAWER ANTIQUE WHITE WOOD CABINET",0.367052023121387
Iceland,84558A,"3D DOG PICTURE PLAYING CARDS",0.365845389097021
"United Kingdom",20755,"BLUE PAISLEY POCKET BOOK",0.364355079681275
EIRE,22138,"BAKING SET 9 PIECE RETROSPOT",0.3643226459468
"United Kingdom",23070,"EDWARDIAN HEART PHOTO FRAME",0.357142857142857
Germany,22965,"3 TRADITIONAl BISCUIT CUTTERS  SET",0.355283307810107
"United Kingdom",22109,"FULL ENGLISH BREAKFAST PLATE",0.353587130492465
"United Kingdom",21439,"BASKET OF TOADSTOOLS",0.352769394668048
"United Kingdom",23318,"BOX OF 6 MINI VINTAGE CRACKERS",0.352000823756595
"United Kingdom",22063,"CERAMIC BOWL WITH STRAWBERRY DESIGN",0.351516182440861
"United Kingdom",23205,"CHARLOTTE BAG VINTAGE ALPHABET",0.346427142273836
EIRE,84946,"ANTIQUE SILVER T-LIGHT GLASS",0.346153846153846
"United Kingdom",84461,"12 PINK HEN+CHICKS IN BASKET",0.339395323446026
"United Kingdom",72800B,"4 PURPLE FLOCK DINNER CANDLES",0.337674841181525
"United Kingdom",22599,"CHRISTMAS MUSICAL ZINC STAR",0.337606837606838
"United Kingdom",22655,"VINTAGE RED KITCHEN CABINET",0.333333333333333
EIRE,20981,"12 PENCILS TALL TUBE WOODLAND",0.333308808072314
"United Kingdom",85130C,"BEADED CRYSTAL HEART BLUE  LARGE",0.331680457185806
"United Kingdom",18007,"ESSENTIAL BALM 3.5g TIN IN ENVELOPE",0.3275
Spain,22620,"4 TRADITIONAL SPINNING TOPS",0.3250471291088
"United Kingdom",22905,"CALENDAR IN SEASON DESIGN",0.324712983493471
"United Kingdom",21470,"FLOWER VINE RAFFIA FOOD COVER",0.324146804205479
Germany,22728,"ALARM CLOCK BAKELIKE PINK",0.323717322152327
"United Kingdom",23470,"CARD HOLDER LOVE BIRD LARGE",0.323581131982677
"United Kingdom",72801c,"4 ROSE PINK DINNER CANDLES",0.319141398401751
"United Kingdom",84406B,"CREAM CUPID HEARTS COAT HANGER",0.316086657916768
"United Kingdom",22819,"BIRTHDAY CARD, RETRO SPOT",0.314604317900793
"United Kingdom",21117,"BLOND DOLL DOORSTOP",0.306542056074766
"United Kingdom",20752,"BLUE POLKADOT WASHING UP GLOVES",0.303627017399874
"United Kingdom",22273,"FELTCRAFT DOLL MOLLY",0.301331936907975
"United Kingdom",21811,check,0.3
"United Kingdom",22560,"TRADITIONAL MODELLING CLAY",0.294166666666667
Denmark,22964,"3 PIECE SPACEBOY COOKIE CUTTER SET",0.292559899117276
"United Kingdom",22595,"GINGHAM HEART DECORATION",0.291081039837239
"United Kingdom",35818P,"ACRYLIC JEWEL ICICLE, PINK",0.291004485765892
"United Kingdom",84751B,"BLACK MEDIUM GLASS CAKE STAND",0.288888888888889
"United Kingdom",22899,"CHILDREN'S APRON DOLLY GIRL",0.285772929250693
"United Kingdom",22900,"SET 2 TEA TOWELS I LOVE LONDON",0.282971014492754
"United Kingdom",84989a,"75 GREEN FAIRY CAKE CASES",0.28217990971008
"United Kingdom",22420,"LIPSTICK PEN BABY PINK",0.278828828828829
"United Kingdom",22434,"BALLOON PUMP WITH 10 BALLOONS",0.275488175951166
Germany,22580,"ADVENT CALENDAR GINGHAM SACK",0.275173747848662
Germany,37450,"CERAMIC CAKE BOWL + HANGING CAKES",0.275
"United Kingdom",10135,"COLOURING PENCILS BROWN TUBE",0.274681246061308
"United Kingdom",22718,"CARD CAT AND TREE",0.271096378289631
"Channel Islands",22077,"6 RIBBONS RUSTIC CHARM",0.270152505446623
France,22797,"CHEST OF DRAWERS GINGHAM HEART",0.267679900744417
Germany,15056BL,"EDWARDIAN PARASOL BLACK",0.260123903232136
"United Kingdom",21647,"ASSORTED TUTTI FRUTTI LARGE PURSE",0.259753901560624
"United Kingdom",23253,"16 PC CUTLERY SET PANTRY DESIGN",0.258620689655172
"United Kingdom",21591,"COSY HOUR CIGAR BOX MATCHES",0.25407786302927
"United Kingdom",21422,"PORCELAIN ROSE SMALL",0.25
"United Kingdom",21181,dotcom,0.25
"United Kingdom",21213,"PACK OF 72 SKULL CAKE CASES",0.25
"United Kingdom",22734,amazon,0.25
"United Kingdom",23017,"APOTHECARY MEASURING JAR",0.249549883996609
"United Kingdom",21700,"BIG DOUGHNUT FRIDGE MAGNETS",0.248072625318713
Norway,22964,"3 PIECE SPACEBOY COOKIE CUTTER SET",0.247863247863248
"United Kingdom",22051,"BLUE SCANDINAVIAN PAISLEY WRAP",0.247563228589738
"United Kingdom",82011C,"BATHROOM SCALES FOOTPRINTS IN SAND",0.247359763627494
"United Kingdom",84507C,"BLUE CIRCLES DESIGN MONKEY DOLL",0.246708513817276
"United Kingdom",90168,"2 DAISIES HAIR COMB",0.242548971917155
"United Kingdom",22068,"BLACK PIRATE TREASURE CHEST",0.2399794627507
Australia,22726,"ALARM CLOCK BAKELIKE GREEN",0.237972538794324
Finland,84997C,"CHILDRENS CUTLERY POLKADOT BLUE",0.23769416735971
"United Kingdom",22592,"CARDHOLDER HOLLY WREATH METAL",0.233941762763871
Germany,20984,"12 PENCILS TALL TUBE POSY",0.230891719745223
"United Kingdom",22023,"EMPIRE BIRTHDAY CARD",0.230769230769231
"United Kingdom",21723,"ALPHABET HEARTS STICKER SHEET",0.225317330762595
"United Kingdom",23168,"CLASSIC CAFE SUGAR DISPENSER",0.222852756628552
"United Kingdom",21804,check,0.222222222222222
"United Kingdom",21467,"CHERRY CROCHET FOOD COVER",0.220906308437606
"United Kingdom",22953,"BIRTHDAY PARTY CORDON BARRIER TAPE",0.220478118439097
"United Kingdom",22214,"CANDLE PLATE LACE WHITE",0.220305429864253
"United Kingdom",23391,"I LOVE LONDON MINI BACKPACK",0.210267495954693
"United Kingdom",20770,"ABSTRACT CIRCLE JOURNAL",0.202902764836123
"United Kingdom",22354,"RETROSPOT PADDED SEAT CUSHION",0.2
"United Kingdom",72127,"found box",0.2
"United Kingdom",84673B,"BLUE FLY SWAT",0.19665297996765
Netherlands,22418,"10 COLOUR SPACEBOY PEN",0.19327927994062
"United Kingdom",23168,"CLASSIC SUGAR DISPENSER",0.192382214559634
"United Kingdom",23035,"DRAWER KNOB CERAMIC IVORY",0.192151430006993
"United Kingdom",22030,"SWALLOWS GREETING CARD",0.19047619047619
"United Kingdom",84687,"BEACH HUT SHELF W 3 DRAWERS",0.188281324336926
"United Kingdom",72122,"COFFEE SCENT PILLAR CANDLE",0.188193698532044
France,20979,"36 PENCILS TUBE RED RETROSPOT",0.184174899651399
France,23204,"CHARLOTTE BAG APPLES DESIGN",0.169975379123552
"United Kingdom",17136A,"BLUE STONES ON WIRE FOR CANDLE",0.16795658153972
EIRE,M,Manual,0.166666666666667
"United Kingdom",23028,"DRAWER KNOB CRACKLE GLAZE BLUE",0.166666666666667
France,M,Manual,0.166666666666667
"United Kingdom",21456,"2 PICTURE BOOK EGGS EASTER CHICKS",0.166625372457852
"United Kingdom",22976,"CIRCUS PARADE CHILDRENS EGG CUP",0.164448469846253
"United Kingdom",22788,"BROCANTE COAT RACK",0.163314429430469
Germany,23204,"CHARLOTTE BAG APPLES DESIGN",0.162935239180564
Austria,22077,"6 RIBBONS RUSTIC CHARM",0.162790697674419
"United Kingdom",21539,"RED RETROSPOT BUTTER DISH",0.16
Netherlands,22244,"3 HOOK HANGER MAGIC GARDEN",0.159702693750092
"United Kingdom",21240,"BLUE POLKADOT CUP",0.159586649808617
"United Kingdom",22438,"BALLOON ART MAKE YOUR OWN FLOWERS",0.157178748340941
"United Kingdom",22501,"PICNIC BASKET WICKER LARGE",0.154646464646465
France,22320,"BIRDS MOBILE VINTAGE DESIGN",0.154545454545455
Germany,20975,"12 PENCILS SMALL TUBE RED RETROSPOT",0.153455608718767
"United Kingdom",23293,"SET OF 12 FAIRY CAKE BAKING CASES",0.15
"United Kingdom",48188,"DOORMAT WELCOME PUPPIES",0.148674242424242
Belgium,20979,"36 PENCILS TUBE RED RETROSPOT",0.144512446759638
"United Kingdom",85114A,"BLACK ENCHANTED FOREST PLACEMAT",0.142863146497021
"United Kingdom",20748,Found,0.142857142857143
"United Kingdom",22647,"CERAMIC LOVE HEART MONEY BANK",0.140740740740741
"United Kingdom",22591,"CARDHOLDER GINGHAM CHRISTMAS TREE",0.13984097147631
"United Kingdom",84993a,"75 GREEN PETIT FOUR CASES",0.138750714694111
EIRE,85048,"15CM CHRISTMAS GLASS BALL 20 LIGHTS",0.138470846901382
"United Kingdom",84192,"ASSORTED COLOUR METAL CAT",0.137915772581282
"United Kingdom",21884,"CAKES AND BOWS GIFT  TAPE",0.136949819123789
"United Kingdom",22943,"CHRISTMAS LIGHTS 10 VINTAGE BAUBLES",0.132450495049505
"United Kingdom",22301,"COFFEE MUG CAT + BIRD DESIGN",0.132363066202091
EIRE,22283,"6 EGG HOUSE PAINTED WOOD",0.130667381795214
"United Kingdom",85206A,"CREAM FELT EASTER EGG BASKET",0.130392156862745
Germany,22418,"10 COLOUR SPACEBOY PEN",0.128226974617298
Singapore,M,Manual,0.125
"United Kingdom",84559b,"3D SHEET OF CAT STICKERS",0.123381110565383
Spain,22150,"3 STRIPEY MICE FELTCRAFT",0.120283018867925
Belgium,22847,"BREAD BIN DINER STYLE IVORY",0.120238095238095
"United Kingdom",22321,"BIRD DECORATION RED RETROSPOT",0.119929962439978
"United Kingdom",72801C,"4 ROSE PINK DINNER CANDLES",0.117328429646183
"United Kingdom",21714,"CITRONELLA CANDLE GARDEN POT",0.113306326990154
Germany,22726,"ALARM CLOCK BAKELIKE GREEN",0.113110147347544
Germany,22939,"APRON APPLE DELIGHT",0.105776364510467
"United Kingdom",35598B,"BLACK CHRISTMAS TREE 60CM",0.101098901098901
"United Kingdom",84993B,"75 BLACK PETIT FOUR CASES",0.1
Italy,22847,"BREAD BIN DINER STYLE IVORY",0.0998207885304659
"United Kingdom",22304,"COFFEE MUG BLUE PAISLEY DESIGN",0.0933380414312618
France,23353,"6 GIFT TAGS VINTAGE CHRISTMAS",0.0912323807060649
Switzerland,POST,POSTAGE,0.0907407407407407
"United Kingdom",23519,"EMBROIDERED RIBBON REEL CLAIRE",0.0893939393939394
"United Kingdom",21401,"BLUE PUDDING SPOON",0.0882040035961059
France,23445,"ICE CREAM BUBBLES",0.087719298245614
"United Kingdom",22502,"PICNIC BASKET WICKER SMALL",0.0828320802005013
France,22951,"60 CAKE CASES DOLLY GIRL DESIGN",0.0808956512318133
"United Kingdom",90199C,"5 STRAND GLASS NECKLACE CRYSTAL",0.0742552245442419
"United Kingdom",22519,"CHILDS GARDEN BRUSH PINK",0.0742424242424242
"United Kingdom",82483,"WOOD 2 DRAWER CABINET WHITE FINISH",0.0740740740740741
"United Kingdom",23077,"DOUGHNUT LIP GLOSS",0.0729764045397168
"United Kingdom",21399,"BLUE POLKADOT COFFEE MUG",0.0696037737873323
EIRE,22567,"20 DOLLY PEGS RETROSPOT",0.0674850367325832
"United Kingdom",22632,"HAND WARMER RED POLKA DOT",0.0625
Spain,22077,"6 RIBBONS RUSTIC CHARM",0.0596446593227451
Switzerland,20973,"12 PENCIL SMALL TUBE WOODLAND",0.0564263322884013
"United Kingdom","BANK CHARGES","Bank Charges",0.0555555555555556
Poland,22567,"20 DOLLY PEGS RETROSPOT",0.0542917289148445
"United Kingdom",22832,"BROCANTE SHELF WITH HOOKS",0.0520703173626369
"United Kingdom",84536A,"ENGLISH ROSE NOTEBOOK A7 SIZE",0.0477915626360142
"United Kingdom",22973,"CHILDREN'S CIRCUS PARADE MUG",0.0463286713286713
Portugal,22567,"20 DOLLY PEGS RETROSPOT",0.0460829493087558
"United Kingdom",71477,"COLOURED GLASS STAR T-LIGHT HOLDER",0.0445249766573296
"United Kingdom",21232,"STRAWBERRY CERAMIC TRINKET BOX",0.0416666666666667
EIRE,22077,"6 RIBBONS RUSTIC CHARM",0.039062834854914
France,21914,"BLUE HARMONICA IN BOX",0.0365577441848628
"United Kingdom",37447,"CERAMIC CAKE DESIGN SPOTTED PLATE",0.0364453448327812
"United Kingdom",21931,"JUMBO STORAGE BAG SUKI",0.0345559845559846
"United Kingdom",62018,SOMBRERO,0.0333333333333333
Germany,23354,"6 GIFT TAGS 50'S CHRISTMAS",0.0308760683760684
EIRE,20983,"12 PENCILS TALL TUBE RED RETROSPOT",0.0286032463328201
"United Kingdom",22589,"CARDHOLDER GINGHAM STAR",0.0256410256410256
"United Kingdom",21212,"PACK OF 72 RETROSPOT CAKE CASES",0.0232558139534884
France,22622,"BOX OF VINTAGE ALPHABET BLOCKS",0.0222326846620632
Spain,POST,POSTAGE,0.0206802721088435
Netherlands,23382,"BOX OF 6 CHRISTMAS CAKE DECORATIONS",0.0162251655629139
Norway,21914,"BLUE HARMONICA IN BOX",0.0158730158730159
France,21188,"3D HEARTS  HONEYCOMB PAPER GARLAND",0.0126182965299685
France,20974,"12 PENCILS SMALL TUBE SKULL",0.0095403803423945
"United Kingdom",21802,"CHRISTMAS TREE HEART DECORATION",0.00934579439252336
"United Kingdom",23297,"SET 40 HEART SHAPE PETIT FOUR CASES",0.00862615516870839
"United Kingdom",84723,"CHERRY BLOSSOM CANVAS ART PICTURE",0.00325732899022801
Germany,22138,"BAKING SET 9 PIECE RETROSPOT",0.00265309246110681
"United Kingdom",23126,"FELTCRAFT GIRL AMELIE KIT",0.0015749394254067
"United Kingdom",82486,"WOOD S/3 CABINET ANT WHITE FINISH",0.0
"United Kingdom",79030D,"TUMBLER BAROQUE",0.0
"United Kingdom",85034A,check,0.0
"United Kingdom",85049B,Amazon,0.0
"United Kingdom",S,SAMPLES,0.0
"United Kingdom",44092C,"PURPLE/COPPER HANGING LAMPSHADE",0.0
Australia,22090,"PAPER BUNTING RETROSPOT",0.0
"United Kingdom",22937,"BAKING MOULD CHOCOLATE CUP CAKES",0.0
"United Kingdom",22710,"WRAP I LOVE LONDON",0.0
Cyprus,15056N,"EDWARDIAN PARASOL NATURAL",0.0
"Hong Kong",M,Manual,0.0
Finland,84997D,"CHILDRENS CUTLERY POLKADOT PINK",0.0
Norway,POST,POSTAGE,0.0
"United Kingdom",21671,"RED SPOT CERAMIC DRAWER KNOB",0.0
Spain,22838,"3 TIER CAKE TIN RED AND CREAM",0.0
"United Kingdom",22055,"MINI CAKE STAND  HANGING STRAWBERY",0.0
Portugal,M,Manual,0.0
"United Kingdom",22803,"IVORY EMBROIDERED QUILT",0.0
"United Kingdom",22483,"RED GINGHAM TEDDY BEAR",0.0
"United Kingdom",22840,"ROUND CAKE TIN VINTAGE RED",0.0
"United Kingdom",20713,Found,0.0
"United Kingdom",22946,"WOODEN ADVENT CALENDAR CREAM",0.0
"United Kingdom",22311,"OFFICE MUG WARMER BLACK+SILVER",0.0
"United Kingdom",22198,"LARGE POPCORN HOLDER",0.0
France,23318,"BOX OF 6 MINI VINTAGE CRACKERS",0.0
"United Kingdom",17091A,found,0.0
France,22661,"CHARLOTTE BAG DOLLY GIRL DESIGN",0.0
"United Kingdom",23144,"ZINC T-LIGHT HOLDER STARS SMALL",0.0
Australia,22325,"MOBILE VINTAGE HEARTS",0.0
